組織,案件名,URL,階層,分類
県|北海道,日星外交関係樹立60周年記念イベント SJ60 結 -MUSUBI- 参加募集のご案内総合政策部国際課,https://www.pref.hokkaido.lg.jp/ss/tsk/267702.html,L1,海外展開
県|北海道,令和8年度「道市連携海外展開推進事業（デジタル技術を活用したグローバル市場開拓事業（インド市場））委託業務」に係るプロポーザルの実施について総合政策部国際課,https://www.pref.hokkaido.lg.jp/ss/tsk/261576.html,L1,海外展開
県|北海道,参加者募集のご案内「令和８年度リスク対応型輸出人材育成事業」 総合政策部国際課,https://www.pref.hokkaido.lg.jp/ss/tsk/265933.html,L1,海外展開
県|岩手県,「林野火災警報・注意報制度説明動画制作等広報業務」受託候補者選定委員会の審査結果について,https://www.pref.iwate.jp/kensei/nyuusatsu/compe/kekka/1101182.html,L1,プロモーション
県|岩手県,「県内高校生に向けた農業大学校の教育高度化情報発信委託業務」に係る企画提案選考委員会の審査結果について,https://www.pref.iwate.jp/kensei/nyuusatsu/compe/kekka/1100814.html,L1,プロモーション
県|岩手県,令和8年度県外復興情報発信番組制作業務に係る企画コンペの審査結果について,https://www.pref.iwate.jp/kensei/nyuusatsu/compe/kekka/1100813.html,L1,プロモーション
県|岩手県,「女性の就業促進に向けた林業の魅力発信動画作成業務」に係る企画提案選考委員会の審査結果について,https://www.pref.iwate.jp/kensei/nyuusatsu/compe/kekka/1100746.html,L1,プロモーション
県|岩手県,令和8年度食文化情報発信動画作成業務に係る企画提案選考委員会の審査結果について,https://www.pref.iwate.jp/kensei/nyuusatsu/compe/kekka/1100515.html,L1,文化・芸術/プロモーション
県|岩手県,平泉「浄土」体感文化観光プログラム造成業務企画提案選考委員会の審査結果について,https://www.pref.iwate.jp/kensei/nyuusatsu/compe/kekka/1100381.html,L1,文化・芸術/観光・誘客
県|岩手県,令和8年度「いわての森林づくり県民税情報発信業務」の企画提案選考結果について,https://www.pref.iwate.jp/kensei/nyuusatsu/compe/kekka/1100364.html,L1,プロモーション
県|岩手県,令和8年度インバウンド受入態勢強化業務委託に係る企画提案審査の結果について,https://www.pref.iwate.jp/kensei/nyuusatsu/compe/kekka/1100271.html,L1,海外展開
県|岩手県,「令和8年度県外向け広報（復興情報発信）に係る企画、媒体制作・媒体制作監理等業務」企画提案選考委員会による審査結果について,https://www.pref.iwate.jp/kensei/nyuusatsu/compe/kekka/1099624.html,L1,プロモーション
県|岩手県,「令和8年度海業支援事業（海業広報戦略策定）業務」企画提案選考委員会の審査結果について,https://www.pref.iwate.jp/kensei/nyuusatsu/compe/kekka/1099703.html,L1,プロモーション
県|岩手県,令和8年度「地域医療情報発信等業務委託」に係る業務提案の審査結果について,https://www.pref.iwate.jp/kensei/nyuusatsu/compe/kekka/1099315.html,L1,プロモーション
県|岩手県,令和8年度産地直売所の誘客力強化支援業務に係る企画提案選考委員会の審査結果について,https://www.pref.iwate.jp/kensei/nyuusatsu/compe/kekka/1099293.html,L1,観光・誘客
県|岩手県,令和8年度いわて産地情報発信・PR業務に係る企画提案選考委員会の審査結果について,https://www.pref.iwate.jp/kensei/nyuusatsu/compe/kekka/1099221.html,L1,プロモーション
県|岩手県,「県産養殖サーモンブランド化推進業務」の企画提案審査結果について,https://www.pref.iwate.jp/kensei/nyuusatsu/compe/kekka/1099166.html,L1,工芸・地域産品/プロモーション
県|岩手県,令和8年度県産食材マッチング交流事業委託業務に係る企画提案選考委員会の審査結果について,https://www.pref.iwate.jp/kensei/nyuusatsu/compe/kekka/1099148.html,L1,工芸・地域産品
県|岩手県,「令和8年度「介護の仕事」魅力発信事業業務」に係る企画提案の審査結果について,https://www.pref.iwate.jp/kensei/nyuusatsu/compe/kekka/1099124.html,L1,プロモーション
県|岩手県,令和8年度いわて地域資源活用価値創出人材育成研修業務に係る企画提案選考委員会の審査結果について,https://www.pref.iwate.jp/kensei/nyuusatsu/compe/kekka/1099110.html,L1,工芸・地域産品
県|岩手県,「令和8年度「SIAL Paris 2026 ジャパンパビリオン」出展支援業務」企画提案審査委員会の審査結果について,https://www.pref.iwate.jp/kensei/nyuusatsu/compe/kekka/1099826.html,L1,展示会・出展
県|岩手県,令和8年度いわての文化魅力映像コンテスト企画運営業務企画提案選考委員会による審査結果について,https://www.pref.iwate.jp/kensei/nyuusatsu/compe/kekka/1074599.html,L1,文化・芸術/プロモーション
県|岩手県,令和8年度観光業魅力向上推進業務に係る企画提案審査の結果について,https://www.pref.iwate.jp/kensei/nyuusatsu/compe/kekka/1098815.html,L1,観光・誘客/プロモーション
県|岩手県,「連携協定を活用した観光振興プロモーション業務」委託に係る企画提案審査の結果について,https://www.pref.iwate.jp/kensei/nyuusatsu/compe/kekka/1098653.html,L1,観光・誘客/プロモーション
県|岩手県,いわてさんりく仕事の情報発信業務に係る企画提案の審査結果について,https://www.pref.iwate.jp/kensei/nyuusatsu/compe/kekka/1098632.html,L1,プロモーション
県|岩手県,令和8年度「いわてIT企業ガイダンス」SNS広報業務に係る企画提案の審査結果について,https://www.pref.iwate.jp/kensei/nyuusatsu/compe/kekka/1098510.html,L1,プロモーション
県|岩手県,令和8年度いわて地域資源活用・地域連携サポートセンター業務に係る企画提案選考委員会の審査結果について,https://www.pref.iwate.jp/kensei/nyuusatsu/compe/kekka/1098336.html,L1,工芸・地域産品
県|岩手県,「令和8年度岩手県外国人介護人材受入支援研修等事業業務」に係る企画提案の審査結果について,https://www.pref.iwate.jp/kensei/nyuusatsu/compe/kekka/1098459.html,L1,海外展開
県|岩手県,「令和8年度岩手県外国人介護人材介護福祉士国家資格取得支援事業業務」に係る企画提案の審査結果について,https://www.pref.iwate.jp/kensei/nyuusatsu/compe/kekka/1097766.html,L1,海外展開
県|岩手県,「令和8年度県議会広報に係る企画、媒体制作・媒体制作監理等業務」企画提案選考委員会の審査結果について,https://www.pref.iwate.jp/kensei/nyuusatsu/compe/kekka/1097517.html,L1,プロモーション
県|岩手県,「令和8年度県主催移住フェア企画運営業務」企画提案選考委員会の結果について,https://www.pref.iwate.jp/kensei/nyuusatsu/compe/kekka/1097088.html,L1,展示会・出展
県|岩手県,「令和8年度若年者消費者トラブル広報事業業務」に係る企画提案の審査結果について,https://www.pref.iwate.jp/kensei/nyuusatsu/compe/kekka/1097030.html,L1,プロモーション
県|岩手県,世界に開かれた北上川バレー魅力発信動画制作・プロモーション業務に係る企画提案審査の結果について,https://www.pref.iwate.jp/kensei/nyuusatsu/compe/kekka/1097054.html,L1,プロモーション
県|岩手県,三陸復興いわてまるごと首都圏プロモーション事業企画運営業務企画提案選考委員会の審査結果について,https://www.pref.iwate.jp/kensei/nyuusatsu/compe/kekka/1097077.html,L1,プロモーション
県|岩手県,「令和8年度県内高等教育機関と連携した県内企業の魅力等を伝える講座に係る業務及び県内企業インターンシップ等促進事業に係る業務」企画提案審査委員会の結果について,https://www.pref.iwate.jp/kensei/nyuusatsu/compe/kekka/1096987.html,L1,プロモーション
県|岩手県,「岩手県外国人材受入電話相談窓口運営等業務」企画提案審査委員会の結果について,https://www.pref.iwate.jp/kensei/nyuusatsu/compe/kekka/1096349.html,L1,海外展開
県|岩手県,「令和8年度及び9年度岩手県広報誌(いわてグラフ)に係る企画、媒体制作・ 媒体制作監理等業務」企画提案選考委員会の審査結果について,https://www.pref.iwate.jp/kensei/nyuusatsu/compe/kekka/1095572.html,L1,プロモーション
県|岩手県,「令和8年度県政広報（電波媒体等）に係る企画、媒体制作・媒体制作監理等業務」企画提案選考委員会の審査結果について,https://www.pref.iwate.jp/kensei/nyuusatsu/compe/kekka/1095560.html,L1,プロモーション
県|岩手県,令和7年度白銀のひかり普及拡大PR等業務に係る企画提案選考委員会の審査結果について,https://www.pref.iwate.jp/kensei/nyuusatsu/compe/kekka/1093835.html,L1,プロモーション
県|岩手県,いわて沿岸圏域“しごと”情報発信動画制作業務に係る企画提案の審査結果について,https://www.pref.iwate.jp/kensei/nyuusatsu/compe/kekka/1092698.html,L1,プロモーション
県|岩手県,「岩手県産木材を活用した庁内保育施設備品製作業務」に関する委託契約の締結について,https://www.pref.iwate.jp/kensei/nyuusatsu/compe/kekka/1092626.html,L1,工芸・地域産品
県|岩手県,令和7年度「いわての森林づくり県民税情報発信業務」の企画提案選考結果について,https://www.pref.iwate.jp/kensei/nyuusatsu/compe/kekka/1091891.html,L1,プロモーション
県|岩手県,平泉情報発信映像制作業務企画提案審査委員会の審査結果について,https://www.pref.iwate.jp/kensei/nyuusatsu/compe/kekka/1091438.html,L1,文化・芸術/プロモーション
県|岩手県,令和7年度台湾現地PRイベント出展業務に係る企画提案審査結果について,https://www.pref.iwate.jp/kensei/nyuusatsu/compe/kekka/1090466.html,L1,展示会・出展/プロモーション
県|岩手県,「タイFITフェア出展・運営」業務企画提案審査の結果について,https://www.pref.iwate.jp/kensei/nyuusatsu/compe/kekka/1090394.html,L1,展示会・出展
県|岩手県,「FIT層の誘客促進に向けた観光コンテンツ造成事業」業務企画提案審査の結果について,https://www.pref.iwate.jp/kensei/nyuusatsu/compe/kekka/1090389.html,L1,文化・芸術/観光・誘客
県|岩手県,「令和7年度林野火災復旧関連木材利用促進PR業務」の企画提案選考結果について,https://www.pref.iwate.jp/kensei/nyuusatsu/compe/kekka/1090374.html,L1,プロモーション
県|岩手県,「令和8年度林野火災復旧関連木材利用促進PR業務」の企画提案選考結果について,https://www.pref.iwate.jp/kensei/nyuusatsu/compe/kekka/1099015.html,L1,プロモーション
県|岩手県,令和7年度県外復興情報発信番組制作業務に係る企画コンペの審査結果について,https://www.pref.iwate.jp/kensei/nyuusatsu/compe/kekka/1088194.html,L1,プロモーション
県|岩手県,「令和7年度県産木材利用促進PR業務」の企画提案選考結果について,https://www.pref.iwate.jp/kensei/nyuusatsu/compe/kekka/1087957.html,L1,工芸・地域産品/プロモーション
県|岩手県,「令和8年度県産木材利用促進PR業務」の企画提案選考結果について,https://www.pref.iwate.jp/kensei/nyuusatsu/compe/kekka/1099014.html,L1,工芸・地域産品/プロモーション
県|岩手県,タイ市場をターゲットとした魅力発信事業企画・運営等業務企画提案審査委員会の審査結果について,https://www.pref.iwate.jp/kensei/nyuusatsu/compe/kekka/1087883.html,L1,プロモーション
県|岩手県,令和7年度県産食材マッチング交流事業委託業務に係る企画提案選考委員会の審査結果について,https://www.pref.iwate.jp/kensei/nyuusatsu/compe/kekka/1086995.html,L1,工芸・地域産品
県|岩手県,平泉の文化遺産WEBサイト再構築業務技術的審査委員会の審査結果について,https://www.pref.iwate.jp/kensei/nyuusatsu/compe/kekka/1086858.html,L1,文化・芸術
県|岩手県,「農山漁村体験受入体制強化に係る広域連携による教育旅行等受入体制の整備支援業務」企画提案選考委員会の審査結果について,https://www.pref.iwate.jp/kensei/nyuusatsu/compe/kekka/1086558.html,L1,観光・誘客
県|岩手県,令和7年度「東京インターナショナル・ギフト・ショー出展支援企画運営業務」の企画提案審査結果について,https://www.pref.iwate.jp/kensei/nyuusatsu/compe/kekka/1086475.html,L1,展示会・出展
県|岩手県,令和7年度いわて産地情報・PR業務に係る企画提案審査委員会の結果について,https://www.pref.iwate.jp/kensei/nyuusatsu/compe/kekka/1086470.html,L1,プロモーション
県|岩手県,令和7年度県産農林水産物のレストランフェア等企画運営業務に係る企画提案選考委員会の審査結果について,https://www.pref.iwate.jp/kensei/nyuusatsu/compe/kekka/1085878.html,L1,展示会・出展/工芸・地域産品
県|岩手県,令和7年度「地域医療情報発信等業務委託」に係る業務提案の審査結果について,https://www.pref.iwate.jp/kensei/nyuusatsu/compe/kekka/1085427.html,L1,プロモーション
県|岩手県,令和7年度盛岡広域くらしの魅力発信及び移住相談会企画運営業務企画提案審査の結果について,https://www.pref.iwate.jp/kensei/nyuusatsu/compe/kekka/1085250.html,L1,プロモーション
県|岩手県,「県内高等教育機関と連携した県内企業の魅力等を伝える講座に係る業務」企画提案審査委員会の結果について,https://www.pref.iwate.jp/kensei/nyuusatsu/compe/kekka/1085249.html,L1,プロモーション
県|岩手県,「連携協定を活用した三陸観光振興プロモーション業務」委託に係る企画提案審査の結果について,https://www.pref.iwate.jp/kensei/nyuusatsu/compe/kekka/1084964.html,L1,観光・誘客/プロモーション
県|岩手県,令和7年度観光業魅力向上推進業務に係る企画提案審査の結果について,https://www.pref.iwate.jp/kensei/nyuusatsu/compe/kekka/1084961.html,L1,観光・誘客/プロモーション
県|岩手県,令和7年度岩手県観光地点パラメータ調査業務に係る企画提案審査結果について,https://www.pref.iwate.jp/kensei/nyuusatsu/compe/kekka/1084740.html,L1,観光・誘客
県|岩手県,「令和7年度おかえりプロモーション企画運営業務」企画提案審査委員会の結果について,https://www.pref.iwate.jp/kensei/nyuusatsu/compe/kekka/1084589.html,L1,プロモーション
県|岩手県,JR大船渡線の利用促進に向けた魅力発信事業企画・運営等業務企画提案審査委員会の審査結果について,https://www.pref.iwate.jp/kensei/nyuusatsu/compe/kekka/1083471.html,L1,プロモーション
県|岩手県,いわて三陸多言語版周遊ガイド作成業務に係る企画提案の審査結果について,https://www.pref.iwate.jp/kensei/nyuusatsu/compe/kekka/1083032/index.html,L1,観光・誘客
県|岩手県,「令和7年度脱炭素化広報事業実施業務」企画コンペ審査会の結果について,https://www.pref.iwate.jp/kensei/nyuusatsu/compe/kekka/1082269.html,L1,プロモーション
県|岩手県,令和7年度多面的消費者教育（普及啓発広報）推進事業業務企画提案選定委員会の審査結果について,https://www.pref.iwate.jp/kensei/nyuusatsu/compe/kekka/1082002.html,L1,プロモーション
県|岩手県,「令和7年度いわて県産サーモンPRキャンペーン等企画運営業務委託」の企画提案審査委員会の結果について,https://www.pref.iwate.jp/kensei/nyuusatsu/compe/kekka/1081996.html,L1,工芸・地域産品/プロモーション
県|岩手県,令和7年度岩手県救急安心センター事業（＃7119）広報業務に係る企画提案審査結果の公表について,https://www.pref.iwate.jp/kensei/nyuusatsu/compe/kekka/1081886.html,L1,プロモーション
県|岩手県,令和7年度県政広報（電波媒体等）に係る業務委託企画提案選考委員会の審査結果,https://www.pref.iwate.jp/kensei/nyuusatsu/compe/kekka/1081409.html,L1,プロモーション
県|岩手県,「岩手県物産観光PRレセプションinニューヨーク（仮称）」企画運営等業務企画提案審査委員会の審査結果について,https://www.pref.iwate.jp/kensei/nyuusatsu/compe/kekka/1078654.html,L1,工芸・地域産品/観光・誘客/プロモーション
県|岩手県,令和6年度台湾現地PRイベント出展業務に係る企画提案審査結果について,https://www.pref.iwate.jp/kensei/nyuusatsu/compe/kekka/1077484.html,L1,展示会・出展/プロモーション
県|岩手県,「2024 Japanese Food Expo in ニューヨーク」出展支援業務企画提案選考委員会の審査結果について,https://www.pref.iwate.jp/kensei/nyuusatsu/compe/kekka/1077005.html,L1,展示会・出展
県|岩手県,令和6年度県外復興情報発信番組制作業務に係る企画コンペの審査結果について,https://www.pref.iwate.jp/kensei/nyuusatsu/compe/kekka/1076680.html,L1,プロモーション
県|岩手県,「ニューヨーク トラベル＆アドベンチャーショー2025 出展業務」に係る企画提案選考委員会の審査結果について,https://www.pref.iwate.jp/kensei/nyuusatsu/compe/kekka/1076281.html,L1,展示会・出展
県|岩手県,インバウンド県内周遊支援事業委託業務に係る企画提案選考委員会の審査結果について,https://www.pref.iwate.jp/kensei/nyuusatsu/compe/kekka/1076049.html,L1,海外展開/観光・誘客
県|岩手県,「令和6年度県外向け広報（復興情報発信）に係る企画、媒体制作・媒体制作監理等業務」企画提案選考委員会による審査結果について,https://www.pref.iwate.jp/kensei/nyuusatsu/compe/kekka/1075961.html,L1,プロモーション
県|岩手県,令和8年度いわてで生み育てる県民運動の広報に係る企画運営事業に関する企画提案審査結果について,https://www.pref.iwate.jp/kensei/nyuusatsu/compe/kekka/1075927.html,L1,プロモーション
県|岩手県,「令和6年度首都圏での移住PRセミナー」企画・運営管理業務に係る企画提案の審査結果について,https://www.pref.iwate.jp/kensei/nyuusatsu/compe/kekka/1075377.html,L1,プロモーション
県|岩手県,「令和6年度脱炭素化広報事業実施業務」企画コンペ審査会の審査結果について,https://www.pref.iwate.jp/kensei/nyuusatsu/compe/kekka/1075277.html,L1,プロモーション
県|岩手県,JR重点販売地域指定と連動した沿岸地域秋季観光キャンペーン企画・運営業務に係る企画提案審査委員会の審査結果について,https://www.pref.iwate.jp/kensei/nyuusatsu/compe/kekka/1075272.html,L1,観光・誘客
県|岩手県,令和6年度盛岡広域観光PR動画制作業務に係る企画提案の審査結果について,https://www.pref.iwate.jp/kensei/nyuusatsu/compe/kekka/1075216.html,L1,観光・誘客/プロモーション
県|岩手県,令和6年度「東京インターナショナル・ギフト・ショー出展支援企画運営業務」の企画提案審査結果について,https://www.pref.iwate.jp/kensei/nyuusatsu/compe/kekka/1075100.html,L1,展示会・出展
県|岩手県,令和6年度県産農林水産物のレストランフェア等企画運営業務に係る企画提案選考委員会の審査結果について,https://www.pref.iwate.jp/kensei/nyuusatsu/compe/kekka/1074850.html,L1,展示会・出展/工芸・地域産品
県|岩手県,令和6年度いわて県産食材販路拡大に係るメタバース空間整備・運用業務に係る企画提案選考委員会の審査結果について,https://www.pref.iwate.jp/kensei/nyuusatsu/compe/kekka/1074845.html,L1,工芸・地域産品
県|岩手県,令和6年度県産食材マッチング交流事業委託業務に係る企画提案選考委員会の審査結果について,https://www.pref.iwate.jp/kensei/nyuusatsu/compe/kekka/1074686.html,L1,工芸・地域産品
県|岩手県,令和6年度JR北上線利用促進に向けたスポーツや観光資源等を生かした交流人口拡大事業企画運営業務企画提案選考委員会の審査結果について,https://www.pref.iwate.jp/kensei/nyuusatsu/compe/kekka/1074124.html,L1,観光・誘客
県|岩手県,令和6年度観光業魅力向上推進業務に係る企画提案審査の結果について,https://www.pref.iwate.jp/kensei/nyuusatsu/compe/kekka/1073942.html,L1,観光・誘客/プロモーション
県|岩手県,令和6年度岩手県観光地点パラメータ調査業務に係る企画提案審査結果について,https://www.pref.iwate.jp/kensei/nyuusatsu/compe/kekka/1073948.html,L1,観光・誘客
県|岩手県,「障がい者芸術活動支援センター運営業務」に係る企画提案の審査結果の公表について,https://www.pref.iwate.jp/kensei/nyuusatsu/compe/kekka/1073590.html,L1,文化・芸術
県|岩手県,令和6年度県政広報（電波媒体等）に係る業務委託企画提案選考委員会の審査結果,https://www.pref.iwate.jp/kensei/nyuusatsu/compe/kekka/1072201.html,L1,プロモーション
県|岩手県,「県産水産物消費拡大応援資材作成業務」の企画提案審査結果について,https://www.pref.iwate.jp/kensei/nyuusatsu/compe/kekka/1070962.html,L1,工芸・地域産品
県|岩手県,「OTAと連携した台湾向けプロモーション業務」の企画提案審査結果について,https://www.pref.iwate.jp/kensei/nyuusatsu/compe/kekka/1070907.html,L1,プロモーション
県|岩手県,「岩手県立陸前高田オートキャンプ場プロモーション（県内誘客）業務」企画提案審査の結果について,https://www.pref.iwate.jp/kensei/nyuusatsu/compe/kekka/1070018.html,L1,観光・誘客/プロモーション
県|岩手県,JR重点販売地域指定と連動した沿岸地域冬季観光キャンペーン企画・運営業務に係る企画提案審査委員会の審査結果について,https://www.pref.iwate.jp/kensei/nyuusatsu/compe/kekka/1069091.html,L1,観光・誘客
県|岩手県,令和5年度県外復興情報発信番組制作業務に係る企画コンペの審査結果について,https://www.pref.iwate.jp/kensei/nyuusatsu/compe/kekka/1067066.html,L1,プロモーション
県|岩手県,令和5年度台湾現地PRイベント出展業務に係る企画提案の審査結果について,https://www.pref.iwate.jp/kensei/nyuusatsu/compe/kekka/1066764.html,L1,展示会・出展/プロモーション
県|岩手県,「いわてアール・ブリュット魅力発信業務」に係る企画提案の審査結果の公表について,https://www.pref.iwate.jp/kensei/nyuusatsu/compe/kekka/1066525.html,L1,プロモーション
県|岩手県,岩手県観光ポータルサイト「いわての旅」改修及び管理運営業務に係る企画提案の審査結果について,https://www.pref.iwate.jp/kensei/nyuusatsu/compe/kekka/1066509.html,L1,観光・誘客
県|岩手県,「岩手県沿岸地域における若手人材確保に向けた勉強会及びフェア」企画・運営管理業務に係る企画提案の審査結果について,https://www.pref.iwate.jp/kensei/nyuusatsu/compe/kekka/1066328/index.html,L1,展示会・出展
県|岩手県,「令和5年度脱炭素化広報事業実施業務」委託事業者選定審査会の審査結果について,https://www.pref.iwate.jp/kensei/nyuusatsu/compe/kekka/1065916.html,L1,プロモーション
県|岩手県,令和5年度いわての文化魅力映像コンテスト企画運営業務企画提案選考委員会による審査結果について,https://www.pref.iwate.jp/kensei/nyuusatsu/compe/kekka/1065584.html,L1,文化・芸術/プロモーション
県|岩手県,Facebookを活用した情報発信等による関係人口創出拡大業務に係る企画提案審査の結果について,https://www.pref.iwate.jp/kensei/nyuusatsu/compe/kekka/1065574.html,L1,プロモーション
県|岩手県,沿岸圏域観光パンフレット作成業務企画提案審査委員会による審査結果について,https://www.pref.iwate.jp/kensei/nyuusatsu/compe/kekka/1065572.html,L1,観光・誘客
県|岩手県,令和5年度県産食材マッチング交流事業委託業務に係る企画提案選考委員会の審査結果について,https://www.pref.iwate.jp/kensei/nyuusatsu/compe/kekka/1065476.html,L1,工芸・地域産品
県|岩手県,令和5年度メタバースを活用した県産食材拡大モデル構築業務に係る企画提案選考委員会の審査結果について,https://www.pref.iwate.jp/kensei/nyuusatsu/compe/kekka/1065431.html,L1,工芸・地域産品
県|岩手県,令和5年度県産農林水産物のレストランフェア等企画運営業務に係る企画提案選考委員会の審査結果について,https://www.pref.iwate.jp/kensei/nyuusatsu/compe/kekka/1065430.html,L1,展示会・出展/工芸・地域産品
県|岩手県,令和6年度いわて産地情報発信・PR業務に係る企画提案選考委員会の審査結果について,https://www.pref.iwate.jp/kensei/nyuusatsu/compe/kekka/1065213.html,L1,プロモーション
県|岩手県,いわてで生み育てる県民運動の広報に係る企画運営事業に関する企画提案審査結果について,https://www.pref.iwate.jp/kensei/nyuusatsu/compe/kekka/1064928.html,L1,プロモーション
県|岩手県,「令和5年度岩手県地場産品展示販売会（仮称）企画運営業務」の企画提案審査結果について,https://www.pref.iwate.jp/kensei/nyuusatsu/compe/kekka/1065021.html,L1,工芸・地域産品
県|岩手県,「東京インターナショナル・ギフト・ショー出展支援企画運営業務」の企画提案審査結果について,https://www.pref.iwate.jp/kensei/nyuusatsu/compe/kekka/1065863.html,L1,展示会・出展
県|岩手県,令和6年度盛岡広域くらしの魅力発信イベント及び移住相談会企画運営業務に係る企画提案選考委員会の審査結果について,https://www.pref.iwate.jp/kensei/nyuusatsu/compe/kekka/1074625.html,L1,プロモーション
県|岩手県,令和6年度おかえりプロモーション企画運営業務企画提案審査委員会の審査結果について,https://www.pref.iwate.jp/kensei/nyuusatsu/compe/kekka/1064815.html,L1,プロモーション
県|岩手県,令和5年度Iターン希望者向け移住PR動画企画制作業務委託に係る企画提案審査の結果について,https://www.pref.iwate.jp/kensei/nyuusatsu/compe/kekka/1064792.html,L1,プロモーション
県|岩手県,令和5年度県主催移住フェア企画運営業務委託に係る企画提案審査の結果について,https://www.pref.iwate.jp/kensei/nyuusatsu/compe/kekka/1064787.html,L1,展示会・出展
県|岩手県,2023年に行くべき岩手プロモーション業務委託に係る企画提案審査の結果について,https://www.pref.iwate.jp/kensei/nyuusatsu/compe/kekka/1064604.html,L1,プロモーション
県|岩手県,令和5年度岩手県観光地点パラメータ調査業務に係る企画提案審査結果について,https://www.pref.iwate.jp/kensei/nyuusatsu/compe/kekka/1064555.html,L1,観光・誘客
県|岩手県,台北国際観光博覧会（TTE)出展・運営支援業務に係る企画提案選考結果について,https://www.pref.iwate.jp/kensei/nyuusatsu/compe/kekka/1064546.html,L1,海外展開/展示会・出展/観光・誘客
県|岩手県,令和5年度「地域医療情報発信等業務委託」に係る業務提案の審査結果について,https://www.pref.iwate.jp/kensei/nyuusatsu/compe/kekka/1063431.html,L1,プロモーション
県|岩手県,「地域農業の将来ビジョン確立に向けた情報発信業務」契約の締結について,https://www.pref.iwate.jp/kensei/nyuusatsu/compe/kekka/1061402.html,L1,プロモーション
県|岩手県,岩手県産木材を活用した庁内保育施設備品製作業務に関する委託契約の締結について,https://www.pref.iwate.jp/kensei/nyuusatsu/compe/kekka/1060528.html,L1,工芸・地域産品
県|岩手県,岩手県政150周年記念事業PR業務に係る企画提案選考委員会の審査結果について,https://www.pref.iwate.jp/kensei/nyuusatsu/compe/kekka/1060339.html,L1,プロモーション
県|岩手県,令和4年度「もりおか広域食の商談会・工芸展示商談会、工房見学会」開催事業企画運営業務に係る企画提案審査の結果について,https://www.pref.iwate.jp/kensei/nyuusatsu/compe/kekka/1059246.html,L1,展示会・出展/工芸・地域産品
県|岩手県,令和5年度「いわての森林づくり県民税情報発信業務」の企画提案選考結果について,https://www.pref.iwate.jp/kensei/nyuusatsu/compe/kekka/1059072.html,L1,プロモーション
県|岩手県,SNSを活用した協働事例の情報発信業務 企画提案における審査結果について,https://www.pref.iwate.jp/kensei/nyuusatsu/compe/kekka/1059014.html,L1,プロモーション
県|岩手県,岩手県産木材を活用したベンチの製作業務委託の審査結果について,https://www.pref.iwate.jp/kensei/nyuusatsu/compe/kekka/1059426.html,L1,工芸・地域産品
県|岩手県,【2次公募】県産サーモン加工品開発業務委託,https://www.pref.iwate.jp/kensei/nyuusatsu/compe/kekka/1058999.html,L1,工芸・地域産品
県|岩手県,女性活躍推進で働きやすい県内企業等のPR媒体作成業務に係る企画提案の審査結果について,https://www.pref.iwate.jp/kensei/nyuusatsu/compe/kekka/1058823.html,L1,プロモーション
県|岩手県,「令和5年度県外向け広報（復興情報発信）に係る企画、媒体制作・媒体制作監理等業務」企画提案選考委員会による審査結果について,https://www.pref.iwate.jp/kensei/nyuusatsu/compe/kekka/1058511.html,L1,プロモーション
県|岩手県,令和5年度「いわて県産サーモンPRキャンペーン等企画運営業務委託」の企画提案選考委員会の結果について,https://www.pref.iwate.jp/kensei/nyuusatsu/compe/kekka/1064584.html,L1,工芸・地域産品/プロモーション
県|岩手県,「三陸沿岸道路及び宮古盛岡横断道路を活用した旅行商品の造成・催行支援業務」の企画提案審査結果について,https://www.pref.iwate.jp/kensei/nyuusatsu/compe/kekka/1058131.html,L1,観光・誘客
県|岩手県,「海外ECサイト参入支援業務」の企画提案審査結果について,https://www.pref.iwate.jp/kensei/nyuusatsu/compe/kekka/1057691.html,L1,海外展開
県|岩手県,南いわて連携型教育旅行推進業務企画提案選考委員会の開催結果について,https://www.pref.iwate.jp/kensei/nyuusatsu/compe/kekka/1057565.html,L1,観光・誘客
県|岩手県,令和4年度食の聖地いわて三陸の魅力再発見事業委託業務に係る企画提案選考委員会の審査結果について,https://www.pref.iwate.jp/kensei/nyuusatsu/compe/kekka/1057475.html,L1,プロモーション
県|岩手県,Facebookを活用した情報発信等による関係人口創出・拡大業務企画提案選考委員会の開催結果について,https://www.pref.iwate.jp/kensei/nyuusatsu/compe/kekka/1056919.html,L1,プロモーション
県|岩手県,県民運動の推進のためのキャッチフレーズの公募及びメディアタイアップ広報に係る企画運営事業に関する企画提案審査結果について,https://www.pref.iwate.jp/kensei/nyuusatsu/compe/kekka/1056844.html,L1,プロモーション
県|岩手県,令和4年度いわて三陸「食」の魅力発見・発信事業委託業務に係る企画提案選考委員会の審査結果について,https://www.pref.iwate.jp/kensei/nyuusatsu/compe/kekka/1056821.html,L1,プロモーション
県|岩手県,県産サーモン加工品開発業務委託,https://www.pref.iwate.jp/kensei/nyuusatsu/compe/kekka/1056805.html,L1,工芸・地域産品
県|岩手県,令和4年度県産食材マッチング交流事業委託業務に係る企画提案選考委員会の審査結果について,https://www.pref.iwate.jp/kensei/nyuusatsu/compe/kekka/1056320.html,L1,工芸・地域産品
県|岩手県,令和4年度いわて産地情報発信・PR業務に係る企画提案選考委員会の審査結果について,https://www.pref.iwate.jp/kensei/nyuusatsu/compe/kekka/1056310.html,L1,プロモーション
県|岩手県,沿岸地域夏季誘客・周遊促進キャンペーン運営業務企画提案審査委員会による審査結果について,https://www.pref.iwate.jp/kensei/nyuusatsu/compe/kekka/1056166.html,L1,観光・誘客
県|岩手県,「海外ECモール参入支援業務」の企画提案審査結果について,https://www.pref.iwate.jp/kensei/nyuusatsu/compe/kekka/1055929.html,L1,海外展開
県|岩手県,「いわて県産サーモンPRキャンペーン等企画運営業務委託」の企画提案選考委員会の結果について,https://www.pref.iwate.jp/kensei/nyuusatsu/compe/kekka/1055900.html,L1,工芸・地域産品/プロモーション
県|岩手県,令和4年度岩手県観光地点パラメータ調査業務に係る企画提案審査結果について,https://www.pref.iwate.jp/kensei/nyuusatsu/compe/kekka/1055824.html,L1,観光・誘客
県|岩手県,令和4年度VTuber等を活用したいわての魅力プロモーション業務企画提案審査の結果について,https://www.pref.iwate.jp/kensei/nyuusatsu/compe/kekka/1050845.html,L1,プロモーション
県|岩手県,令和5年度VTuberを活用したいわての魅力プロモーション業務企画提案審査の結果について,https://www.pref.iwate.jp/kensei/nyuusatsu/compe/kekka/1062915.html,L1,プロモーション
県|岩手県,令和7年度VTuberを活用したいわての魅力プロモーション業務企画提案審査の結果について,https://www.pref.iwate.jp/kensei/nyuusatsu/compe/kekka/1082181.html,L1,プロモーション
県|岩手県,沿岸広域振興局管内道の駅周遊促進パンフレット作成業務企画企画提案審査委員会による審査結果について,https://www.pref.iwate.jp/kensei/nyuusatsu/compe/kekka/1049035.html,L1,観光・誘客
県|岩手県,「地域医療情報発信事業」に係る情報発信業務に係る企画提案審査結果について,https://www.pref.iwate.jp/kensei/nyuusatsu/compe/kekka/1047645.html,L1,プロモーション
県|岩手県,「岩手県産木材を活用したパーテーション製作業務」企画提案の審査結果について,https://www.pref.iwate.jp/kensei/nyuusatsu/compe/kekka/1046719.html,L1,工芸・地域産品
県|岩手県,「原木乾しいたけPRツール制作業務」の企画提案選考結果について,https://www.pref.iwate.jp/kensei/nyuusatsu/compe/kekka/1046678.html,L1,プロモーション
県|岩手県,令和3年度いわて産地情報発信・PR業務に係る企画提案選考委員会の審査結果について,https://www.pref.iwate.jp/kensei/nyuusatsu/compe/kekka/1046053.html,L1,プロモーション
県|岩手県,「いわての森林づくり県民税情報発信業務」の企画提案選考結果について,https://www.pref.iwate.jp/kensei/nyuusatsu/compe/kekka/1046411.html,L1,プロモーション
県|岩手県,岩手県子育てポータルサイト・子育てアプリ構築業務及び広報業務に係る企画コンペの結果について,https://www.pref.iwate.jp/kensei/nyuusatsu/compe/kekka/1045812.html,L1,プロモーション
県|岩手県,県北観光ブラッシュアップ業務に係る企画提案審査結果について,https://www.pref.iwate.jp/kensei/nyuusatsu/compe/kekka/1045585.html,L1,観光・誘客
県|岩手県,令和3年度いわてインバウンド総合プロモーション業務（台湾市場、香港市場）に係る企画提案審査結果について,https://www.pref.iwate.jp/kensei/nyuusatsu/compe/kekka/1045584.html,L1,海外展開/プロモーション
県|岩手県,令和3年度ぐるっといわてインバウンドおもてなし推進事業業務に係る企画提案審査結果について,https://www.pref.iwate.jp/kensei/nyuusatsu/compe/kekka/1045583.html,L1,海外展開
県|岩手県,三陸鉄道を活用した沿岸周遊事業（商品造成支援及び情報発信）業務に係る企画提案審査結果について,https://www.pref.iwate.jp/kensei/nyuusatsu/compe/kekka/1045457.html,L1,観光・誘客/プロモーション
県|岩手県,令和3年度いわてインバウンド総合プロモーション業務（中国市場、アセアン市場）に係る企画提案審査結果について,https://www.pref.iwate.jp/kensei/nyuusatsu/compe/kekka/1045455.html,L1,海外展開/プロモーション
県|岩手県,令和3年度いわてインバウンド総合プロモーション業務（韓国市場）に係る企画提案審査結果について,https://www.pref.iwate.jp/kensei/nyuusatsu/compe/kekka/1045443.html,L1,海外展開/プロモーション
県|岩手県,岩手県産木材を活用したいわて県民情報交流センター木質化事業に係る企画提案の審査結果について,https://www.pref.iwate.jp/kensei/nyuusatsu/compe/kekka/1045442.html,L1,工芸・地域産品
県|岩手県,「いわてスポーツアクティビティ着地型情報発信業務」企画提案審査結果について,https://www.pref.iwate.jp/kensei/nyuusatsu/compe/kekka/1045253.html,L1,プロモーション
県|岩手県,女性のためのつながりサポート事業広報業務に係る企画提案の審査結果について,https://www.pref.iwate.jp/kensei/nyuusatsu/compe/kekka/1044435.html,L1,プロモーション
県|岩手県,第73回全国植樹祭WEBサイト構築業務企画コンペ審査会の審査結果について,https://www.pref.iwate.jp/kensei/nyuusatsu/compe/kekka/1043723.html,L1,文化・芸術
県|岩手県,Facebookを活用した情報発信等による関係人口創出拡大業務企画提案選考委員会の審査結果について,https://www.pref.iwate.jp/kensei/nyuusatsu/compe/kekka/1043405.html,L1,プロモーション
県|岩手県,令和8年度岩手県観光地点パラメータ調査業務に係る企画提案審査結果について,https://www.pref.iwate.jp/kensei/nyuusatsu/compe/kekka/1043347.html,L1,観光・誘客
県|岩手県,県産農林水産物のレストランフェア等企画運営業務企画提案選考委員会の審査結果について,https://www.pref.iwate.jp/kensei/nyuusatsu/compe/kekka/1042536.html,L1,展示会・出展/工芸・地域産品
県|岩手県,「いわて木づかい住宅普及促進事業PR業務」の企画提案選考委員会の結果について,https://www.pref.iwate.jp/kensei/nyuusatsu/compe/kekka/1040930.html,L1,プロモーション
県|岩手県,令和5年度県政広報（電波媒体等）に係る業務委託企画提案選考委員会の審査結果,https://www.pref.iwate.jp/kensei/nyuusatsu/compe/kekka/1037879.html,L1,プロモーション
県|岩手県,「宮古盛岡横断道路による内陸からの誘客促進実証業務」の企画提案審査結果について,https://www.pref.iwate.jp/kensei/nyuusatsu/compe/kekka/1048897.html,L1,観光・誘客
県|岩手県,回答「岩手県産木材を活用した庁内保育施設備品製作業務委託」に係る企画コンペ実施要領等に関する質問について,https://www.pref.iwate.jp/kensei/nyuusatsu/compe/sanka/1101372.html,L1,工芸・地域産品
県|岩手県,障がい福祉の仕事の魅力発信動画等制作業務委託に係る企画提案に関する質問への回答について,https://www.pref.iwate.jp/kensei/nyuusatsu/compe/sanka/1101288.html,L1,プロモーション
県|岩手県,岩手県産木材を活用した庁内保育施設備品製作業務委託について,https://www.pref.iwate.jp/kensei/nyuusatsu/compe/sanka/1101027.html,L1,工芸・地域産品
県|岩手県,令和8年度みちのく潮風トレイルプロモーション業務委託に係る企画提案の募集について,https://www.pref.iwate.jp/kensei/nyuusatsu/compe/sanka/1101225.html,L1,プロモーション
県|岩手県,障がい福祉の仕事の魅力発信動画等制作業務委託に係る企画提案の募集について,https://www.pref.iwate.jp/kensei/nyuusatsu/compe/sanka/1101036.html,L1,プロモーション
県|宮城県,「令和8年度宮城県医師確保に向けたPR動画制作・広報業務」の企画提案を募集します,https://www.pref.miyagi.jp/soshiki/iryoujinzai/ishikakuho-r8puropo.html,L1,プロモーション
県|宮城県,「令和8年度原子力行政PR動画作成業務」の企画提案を募集します,https://www.pref.miyagi.jp/soshiki/gentai/prdouga.html,L1,プロモーション
県|宮城県,宮城県ものづくり産業振興起業家等育成支援事業費補助金の募集について,https://www.pref.miyagi.jp/soshiki/shinsan/venture-hojor.html,L2,工芸・地域産品
県|宮城県,宮城県ものづくり企業AI・IoT先進技術導入補助金の募集について【追加募集】,https://www.pref.miyagi.jp/soshiki/shinsan/monodukuriaiiot.html,L2,工芸・地域産品
県|宮城県,令和7年度宮城県ものづくり中小企業省エネルギー設備投資促進支援事業費補助金の募集について,https://www.pref.miyagi.jp/soshiki/shinsan/r7monozukuri-shouenesetsubi.html,L2,工芸・地域産品
県|宮城県,令和7年度宮城県ものづくり中小企業自家消費型発電設備導入支援事業費補助金の募集について,https://www.pref.miyagi.jp/soshiki/shinsan/r7zikasyouhigata.html,L2,工芸・地域産品
県|宮城県,高度電子機械産業 国際認証取得奨励金の募集について,https://www.pref.miyagi.jp/soshiki/shinsan/shinsan-d-index-sub9.html,L2,海外展開
県|宮城県,【募集を締め切りました】令和８年度魅力創出販売会開催業務の企画提案募集について,https://www.pref.miyagi.jp/soshiki/syokushin/2026miryokusousyutuhanbaikai.html,L2,プロモーション
県|宮城県,【募集を締め切りました】令和8年度「食材王国みやぎ」魅力発信・販路拡大業務～みやぎの食と酒に「触れる」・「扱う」・「知る」プロジェクト～の企画提案募集について,https://www.pref.miyagi.jp/soshiki/syokushin/r8miryoku.html,L2,プロモーション
県|宮城県,【募集を締め切りました】令和8年度宮城県産品アンテナコーナー設置業務の企画提案募集について,https://www.pref.miyagi.jp/soshiki/syokushin/2026antenacorner.html,L2,工芸・地域産品
県|宮城県,【募集を締め切りました】「みやぎの推しグルメ～あなたが選ぶ！みやぎの逸品フェア！～」出店者募集について,https://www.pref.miyagi.jp/soshiki/syokushin/2025miryokuhanbai_oshi.html,L2,展示会・出展
県|宮城県,【募集を締め切りました】「令和7年度OMO物産展」の出品事業者募集について,https://www.pref.miyagi.jp/soshiki/syokushin/omo_bussanten2025.html,L2,工芸・地域産品
県|宮城県,【募集を締め切りました】おいしい山形・食材王国みやぎビジネス商談会遠隔地バイヤー招へい等業務の企画提案募集について,https://www.pref.miyagi.jp/soshiki/syokushin/miyagi-yamagata-syohei.html,L2,展示会・出展
県|宮城県,【募集を締め切りました】令和7年度魅力創出販売会開催業務の企画提案募集について,https://www.pref.miyagi.jp/soshiki/syokushin/2025miryokuhanbai.html,L2,プロモーション
県|宮城県,【募集を締め切りました】令和7年度宮城県産品アンテナコーナー設置業務の企画提案募集について,https://www.pref.miyagi.jp/soshiki/syokushin/2025antenacorner.html,L2,工芸・地域産品
県|宮城県,【募集を締め切りました】令和7年度「食材王国みやぎ」魅力発信・体感促進業務の企画提案の募集について,https://www.pref.miyagi.jp/soshiki/syokushin/r7miryoku.html,L2,プロモーション
県|宮城県,【募集を締め切りました】令和5年度県産品EC販売セミナー開催業務の企画提案募集について,https://www.pref.miyagi.jp/soshiki/syokushin/ec-seminar-proposal2023.html,L2,工芸・地域産品
県|宮城県,【募集を締め切りました】令和6年度県産品アンテナサイトリニューアル業務の企画提案募集について,https://www.pref.miyagi.jp/soshiki/syokushin/antennasite-proposal2024.html,L2,工芸・地域産品
県|宮城県,【募集を締め切りました】令和6年度ECモールを活用した県産品販売支援業務の企画提案募集について,https://www.pref.miyagi.jp/soshiki/syokushin/ec-mall-proposal2024.html,L2,工芸・地域産品
県|宮城県,令和6年度県産ブランド品確立支援業務（ブランド化戦略に基づく県産食材PR業務）の企画提案の募集について,https://www.pref.miyagi.jp/soshiki/syokushin/burakaku2023.html,L2,工芸・地域産品/プロモーション
県|宮城県,「再生可能エネルギー地域共生促進税広報業務」の企画提案募集について,https://www.pref.miyagi.jp/soshiki/kanseisom/saiene_kyosei_koho.html,L2,プロモーション
県|宮城県,令和8年度中部・関西圏向け観光プロモーション業務の企画提案募集について,https://www.pref.miyagi.jp/soshiki/kankou/r8kansai.html,L2,観光・誘客/プロモーション
県|宮城県,外国人材の採用・定着に関するコンサルティング支援を希望される企業を【追加】募集します,https://www.pref.miyagi.jp/soshiki/kokusaisei/gaikokujinzai/consul-service2026.html,L2,海外展開
県|宮城県,令和8年度台湾訪日教育旅行モニターツアー事業委託業務の企画提案募集について,https://www.pref.miyagi.jp/soshiki/kankou/r8_taiwantour2.html,L2,海外展開/観光・誘客
県|宮城県,「令和8年度宮城県建設産業入職促進支援動画制作・広報業務」の企画提案を募集します,https://www.pref.miyagi.jp/soshiki/jigyokanri/2026dougaseisaku.html,L2,プロモーション
県|宮城県,「令和8年度宮城県インバウンドOTA活用促進・マッチング業務」の企画提案募集について,https://www.pref.miyagi.jp/soshiki/kankou/r8ota/puropo.html,L2,海外展開
県|秋田県,令和８年度農業法人等求人情報発信業務委託の条件付き一般競争入札について,https://www.pref.akita.lg.jp/pages/archive/98522,L1,プロモーション
県|秋田県,令和8年秋田県広報紙及びウェブサイトへの広告掲載業務に係る条件付き一般競争入札の結果について,https://www.pref.akita.lg.jp/pages/archive/94454,L1,プロモーション
県|秋田県,県内就活支援事業PR業務委託に係る企画提案競技の審査結果について,https://www.pref.akita.lg.jp/pages/archive/92425,L1,プロモーション
県|秋田県,第３０回秋田県青少年音楽コンクール参加者募集！,https://www.pref.akita.lg.jp/pages/archive/80285,L2,文化・芸術
県|福島県,【質問の回答掲載】「2027国際園芸博覧会への福島県出展業務委託」に係る公募型プロポーザル方式による業務受託者の募集について,https://www.pref.fukushima.lg.jp/sec/36035c/2027engeihaku-kohbo.html,L1,海外展開/展示会・出展
県|福島県,福島廃炉産業ビジネス総合展２０２６ 出展者募集について,https://www.pref.fukushima.lg.jp/sec/32021b/hairosougouten2026.html,L2,展示会・出展
県|福島県,【審査結果】エンジンフォーラム神戸2026商談会出展支援事業業務企画提案競争実施のご案内,https://www.pref.fukushima.lg.jp/sec/32021f/r8engene.html,L2,展示会・出展
県|福島県,【二次募集】CES2027出展支援のご案内について,https://www.pref.fukushima.lg.jp/sec/32021f/ces2027.html,L2,展示会・出展
県|栃木県,入札公告（特定調達公告）栃木県産業技術センター等で使用する電力,https://www.pref.tochigi.lg.jp/f02/2025tokuteityoutatu.html,L1,工芸・地域産品
県|栃木県,「とも家事」認知度向上デジタルプロモーション業務委託公....,https://www.pref.tochigi.lg.jp/c07/tomokaji_digitalpromotion_kekka.html,L1,プロモーション
県|栃木県,「とも家事」認知度向上デジタルプロモーション業務委託公募型プロポーザルの選定結果について,https://www.pref.tochigi.lg.jp/c07/tomokaji_digitalpromotion_kekka.html,L2,プロモーション
県|栃木県,令和8(2026)年度とちぎの仕事魅力発信デジタルマーケティング業務委託 公募型プロポーザルに係る質問内容及び回答について,https://www.pref.tochigi.lg.jp/a01/shigotomiryoku/r8shigotomiryoku-sitsumon.html,L2,プロモーション
県|栃木県,「いちご王国・栃木」首都圏交通拠点連携プロモーション事業業務委託公募型プロポーザルの実施について,https://www.pref.tochigi.lg.jp/g03/ichigooukoku/r8_ichigooukokusyutokenn.html,L2,プロモーション
県|栃木県,令和8(2026)年度とちぎの仕事魅力発信デジタルマーケティング業務委託 公募型プロポーザル実施について,https://www.pref.tochigi.lg.jp/a01/shigotomiryoku/r8shigotomiryoku-koubo.html,L2,プロモーション
県|栃木県,東南アジア及び香港における青果物プロモーション業務委託公募型プロポーザルに係る質問及び回答,https://www.pref.tochigi.lg.jp/g03/r8tounannaziapromositumonnkaitou.html,L2,プロモーション
県|栃木県,栃木県女性活躍推進企業等情報発信のための記事作成等業務委託公募型プロポーザルの選定結果について,https://www.pref.tochigi.lg.jp/c07/jokatu_jouhou2026_1.html,L2,プロモーション
県|栃木県,東南アジア及び香港における青果物プロモーション業務委託公募型プロポーザルの実施について,https://www.pref.tochigi.lg.jp/g03/r8tounannaziapromo.html,L2,プロモーション
県|栃木県,令和８年度とちぎグローバルゲートウェイ事業業務委託のプロポーザル審査結果について,https://www.pref.tochigi.lg.jp/m04/r8globalgatewayresult.html,L2,海外展開
県|栃木県,令和8(2026)年度海外インフルエンサーを活用したいちごオーナー体験等による県産農産物及び農村の魅力発信事業委託業務公募型プロポーザルの審査結果について,https://www.pref.tochigi.lg.jp/g02/2026_ichigoowner_proposal_kekka.html,L2,海外展開/工芸・地域産品/プロモーション
県|栃木県,「いちご王国・栃木」関西圏プロモーション事業業務委託に係る公募型プロポーザルの審査結果について,https://www.pref.tochigi.lg.jp/g03/ichigooukoku/r8kansaiproposal_result.html,L2,プロモーション
県|栃木県,台湾における県産青果物プロモーション業務委託公募型プロポーザルの審査結果について,https://www.pref.tochigi.lg.jp/g03/r8_taiwanpromo_kekka.html,L2,工芸・地域産品/プロモーション
県|栃木県,メディア芸術祭ウェブサイト（仮称）制作業務公募型プロポーザルに係る質問及び回答について,https://www.pref.tochigi.lg.jp/c10/media-site-proposal2026qa.html,L2,文化・芸術
県|栃木県,「とも家事」認知度向上デジタルプロモーション業務委託公募型プロポーザルに係る質問及び回答について,https://www.pref.tochigi.lg.jp/c07/tomokaji_digitalpromotion_qa.html,L2,プロモーション
県|栃木県,とちぎの伝統工芸品パンフレット改訂業務委託公募型プロポーザルの審査結果について,https://www.pref.tochigi.lg.jp/f02/chiiki/kougeihin/r8/pamphlet_kaitei_kekka.html,L2,工芸・地域産品
県|栃木県,メディア芸術祭ウェブサイト（仮称）制作業務公募型プロポーザルの実施について,https://www.pref.tochigi.lg.jp/c10/media-site-proposal2026.html,L2,文化・芸術
県|栃木県,令和８年度とちぎグローバルゲートウェイ事業業務委託公募型プロポーザルに係る質問内容と回答について,https://www.pref.tochigi.lg.jp/m04/r8globalgatewayqa.html,L2,海外展開
県|栃木県,「とも家事」認知度向上デジタルプロモーション業務委託公募型プロポーザルの実施について,https://www.pref.tochigi.lg.jp/c07/tomokaji_digitalpromotion_koubo.html,L2,プロモーション
県|栃木県,令和８年度とちぎグローバルゲートウェイ事業業務委託公募型プロポーザルの実施について,https://www.pref.tochigi.lg.jp/m04/r8globalgateway.html,L2,海外展開
県|栃木県,令和８（2026）年度海外インフルエンサーを活用したいちごオーナー体験等による県産農産物及び農村の魅力発信事業委託業務公募型プロポーザルに係る質問内容及び回答について,https://www.pref.tochigi.lg.jp/g02/houdou/2026_ichigoowner_proposal_shitumon.html,L2,海外展開/工芸・地域産品/プロモーション
県|栃木県,「いちご王国・栃木」関西圏プロモーション事業業務委託公募型プロポーザルに係る質問内容と回答について,https://www.pref.tochigi.lg.jp/g03/ichigooukoku/r8kansaiproposal_answer.html,L2,プロモーション
県|栃木県,令和８（2026）年度海外インフルエンサーを活用したいちごオーナー体験等による県産農産物及び農村の魅力発信事業委託業務に係る公募型プロポーザルの実施について,https://www.pref.tochigi.lg.jp/g02/houdou/2026_ichigoowner_proposal.html,L2,海外展開/工芸・地域産品/プロモーション
県|栃木県,令和8(2026)年度BPR伴走支援業務に関する公募型プロポーザルの審査結果について,https://www.pref.tochigi.lg.jp/b03/proposal/2026_bpr_result.html,L2,プロモーション
県|栃木県,栃木県女性活躍推進企業等情報発信のための記事作成等業務委託公募型プロポーザルの実施について,https://www.pref.tochigi.lg.jp/c07/jokatu_jouhou2026.html,L2,プロモーション
県|栃木県,「いちご王国」県民参加型プロモーション事業業務委託に係る公募型プロポーザルの審査結果について,https://www.pref.tochigi.lg.jp/g03/ichigooukoku/r8_ichigooukoku_proposal_result.html,L2,プロモーション
県|栃木県,令和8(2026)年度ものづくり革新技術導入伴走支援業務委託公募型プロポーザルの審査結果について,https://www.pref.tochigi.lg.jp/f02/r8_monodukurikakushin_puropokekka.html,L2,工芸・地域産品
県|栃木県,令和8(2026)年度文化財保護資金調達方法普及・促進事業公募型プロポーザルの審査結果について,https://www.pref.tochigi.lg.jp/c10/2026bunkazai_hukyusokushin_kekka.html,L2,文化・芸術
県|栃木県,台湾における県産青果物プロモーション業務委託公募型プロポーザルの実施について,https://www.pref.tochigi.lg.jp/g03/r8_taiwanpromo_koubo.html,L2,工芸・地域産品/プロモーション
県|栃木県,令和８(2026)年度「栃木県職員募集案内」制作及び情報発信業務委託公募型プロポーザルの選定結果について,https://www.pref.tochigi.lg.jp/k02/houdou/jinjiiinproposal2026kekka.html,L2,プロモーション
県|栃木県,令和8(2026)年度栃木県訪日旅行商品造成支援補助金受付等業務公募型プロポーザルの審査結果について,https://www.pref.tochigi.lg.jp/f05/kaigaiyukyaku/2026hounichihojo_kekka.html,L2,海外展開/観光・誘客
県|栃木県,「いちご王国・栃木」関西圏プロモーション事業業務委託公募型プロポーザルの実施について,https://www.pref.tochigi.lg.jp/g03/ichigooukoku/r8kansaiproposal.html,L2,プロモーション
県|栃木県,栃木県武道ツーリズム推進に係る海外旅行会社等招請業務委託公募型プロポーザルの結果について,https://www.pref.tochigi.lg.jp/c09/sports-commission/2026budotourism-fam-result.html,L2,海外展開/観光・誘客
県|栃木県,とちぎの伝統工芸品パンフレット改訂業務委託公募型プロポーザルに係る質問及び回答について,https://www.pref.tochigi.lg.jp/f02/chiiki/kougeihin/r8/pamphlet_kaitei_kaitou.html,L2,工芸・地域産品
県|栃木県,令和８（2026）年度平日・閑散期誘客強化事業業務委託公募型プロポーザルの審査結果について,https://www.pref.tochigi.lg.jp/f05/kanko/kanko/2026heijitsukekka.html,L2,観光・誘客
県|栃木県,とちぎの伝統工芸品パンフレット改訂業務委託公募型プロポーザルの実施について,https://www.pref.tochigi.lg.jp/f02/chiiki/kougeihin/r8/pamphlet_kaitei.html,L2,工芸・地域産品
県|栃木県,令和８(2026)年度とちぎ就農支援サイト「tochino（トチノ）」を活用した情報発信業務委託に係る公募型プロポーザルの審査結果について,https://www.pref.tochigi.lg.jp/g04/tochino/r8tochino_jouhouhassin_result.html,L2,プロモーション
県|栃木県,令和8(2026)年度BPR伴走支援業務に関する公募型プロポーザルに係る質問及び回答について,https://www.pref.tochigi.lg.jp/b03/proposal/2026_bpr_qa.html,L2,プロモーション
県|栃木県,栃木県武道ツーリズム推進に係る海外旅行会社等招請業務委託公募型プロポーザルの質問に対する回答について,https://www.pref.tochigi.lg.jp/c09/nyusatsu/documents/2026budotourism-fam-qa.html,L2,海外展開/観光・誘客
県|栃木県,令和８(2026)年度栃木県観光情報商談会運営等業務委託公募型プロポーザルの審査結果について,https://www.pref.tochigi.lg.jp/f05/kanko/kanko/2026shodankekka.html,L2,展示会・出展/観光・誘客
県|栃木県,「いちご王国」県民参加型プロモーション事業業務委託公募型プロポーザルに係る質問内容と回答について,https://www.pref.tochigi.lg.jp/g03/ichigooukoku/r8_ichigooukoku_proposal_answer.html,L2,プロモーション
県|栃木県,令和8(2026)年度プロスポーツチームと連携した地域防犯力強化に係る広報啓発業務委託公募型プロポーザルの選定結果について,https://www.pref.tochigi.lg.jp/c03/2026puropokekka.html,L2,プロモーション
県|栃木県,令和8(2026)年度栃木県訪日旅行商品造成支援補助金受付等業務公募型プロポーザルの実施について,https://www.pref.tochigi.lg.jp/f05/kaigaiyukyaku/2026hounichihojo.html,L2,海外展開/観光・誘客
県|栃木県,自転車安全利用啓発動画の作成及び広報業務委託公募型プロポーザルの選定結果について,https://www.pref.tochigi.lg.jp/c03/2026jitensyakoubokekka.html,L2,プロモーション
県|栃木県,令和8(2026)年度栃木県「文化と知」の創造拠点整備に係る地質調査業務の制限付き一般競争入札の結果について,https://www.pref.tochigi.lg.jp/c11/r8tisitsu_nyuusatsukekka.html,L2,文化・芸術
県|栃木県,「とちぎの文化・自然」解説映像作成業務委託公募型プロポーザルの審査結果について,https://www.pref.tochigi.lg.jp/c10/2026theme_result.html,L2,文化・芸術
県|栃木県,令和8(2026)年度とちぎ就農支援サイト「tochino（トチノ）」を活用した情報発信業務委託に係る公募型プロポーザルの実施について,https://www.pref.tochigi.lg.jp/g04/tochino/r8tochino_jouhouhassin_koubo.html,L2,プロモーション
県|栃木県,「いちご王国」県民参加型プロモーション事業業務委託公募型プロポーザルの実施について,https://www.pref.tochigi.lg.jp/g03/ichigooukoku/r8_ichigooukoku_proposal.html,L2,プロモーション
県|栃木県,令和８(2026)年度平日・閑散期誘客強化事業業務委託公募型プロポーザルに係る質問内容及び回答について,https://www.pref.tochigi.lg.jp/f05/kanko/kanko/2026heijitsushitsumon.html,L2,観光・誘客
県|栃木県,令和８(2026)年度文化財保護資金調達方法普及・促進事業 公募型プロポーザルの実施について,https://www.pref.tochigi.lg.jp/c10/2026bunkazai_hukyusokushin.html,L2,文化・芸術
県|栃木県,令和８(2026)年度栃木県観光情報商談会運営等業務委託公募型プロポーザルに係る質問内容及び回答について,https://www.pref.tochigi.lg.jp/f05/kanko/kanko/2026shodan_shitsumon.html,L2,展示会・出展/観光・誘客
県|栃木県,令和8(2026)年度栃木県「文化と知」の創造拠点整備に係る地質調査業務の制限付き一般競争入札の実施について,https://www.pref.tochigi.lg.jp/c11/r8tisitsu_koukoku.html,L2,文化・芸術
県|栃木県,令和8（2026）年度平日・閑散期誘客強化事業業務委託公募型プロポーザルの実施について,https://www.pref.tochigi.lg.jp/f05/kanko/kanko/2026heijitsu.html,L2,観光・誘客
県|栃木県,ものづくり革新技術導入伴走支援業務委託公募型プロポーザルの実施について,https://www.pref.tochigi.lg.jp/f02/r8_monodukurikakushinngijutu_itaku.html,L2,工芸・地域産品
県|栃木県,令和8(2026)年度推しを活用した魅力発信強化事業業務委託公募型プロポーザルの審査結果について,https://www.pref.tochigi.lg.jp/c05/promotion/nyuusatsu/oshikatsu2026_2_kekka.html,L2,プロモーション
県|栃木県,令和８(2026)年度「本物の出会い 栃木」首都圏観光ＰＲ企画運営業務公募型プロポーザルの審査結果について,https://www.pref.tochigi.lg.jp/f05/kanko/kanko/r8syutokennkannkouprunneigyoumushinnsakekka.html,L2,観光・誘客
県|栃木県,令和８(2026)年度栃木県観光情報商談会運営等業務公募型プロポーザルの実施について,https://www.pref.tochigi.lg.jp/f05/kanko/kanko/2026shodan.html,L2,展示会・出展/観光・誘客
県|栃木県,令和8(2026)年度栃木県産農産物情報発信業務委託公募型プロポーザルの実施について,https://www.pref.tochigi.lg.jp/g03/logo_pr/r8_dejimake_koubo.html,L2,工芸・地域産品/プロモーション
県|栃木県,令和8(2026)年度とちぎ観光デジタルマーケティング・インバウンド誘客促進事業業務委託公募型プロポーザルに係る質問内容及び回答について,https://www.pref.tochigi.lg.jp/f05/kaigaiyukyaku/2026digital_answer.html,L2,海外展開/観光・誘客
県|栃木県,自転車安全利用啓発動画の作成及び広報業務委託公募型プロポーザルの実施について,https://www.pref.tochigi.lg.jp/c03/2026jitensyacm.html,L2,プロモーション
県|栃木県,令和8(2026)年度プロスポーツチームと連携した地域防犯力強化に係る広報啓発業務委託公募型プロポーザルの実施について,https://www.pref.tochigi.lg.jp/c03/2026bouhan_proposal.html,L2,プロモーション
県|栃木県,令和8(2026)年度推しを活用した魅力発信強化事業業務委託公募型プロポーザルに係る質問内容及び回答について,https://www.pref.tochigi.lg.jp/c05/promotion/nyuusatsu/oshikatsu2026_2_sitsumonkaitou.html,L2,プロモーション
県|栃木県,令和8(2026)年度保育士・保育の現場の魅力発信事業業務委託に係る公募型プロポーザルの審査結果について,https://www.pref.tochigi.lg.jp/e06/2024_04_22hoikussigennbanomiryokuibennto.html,L2,プロモーション
県|栃木県,令和8(2026)年度 栃木県観光動態調査業務公募型プロポーザルの審査結果について,https://www.pref.tochigi.lg.jp/f05/kankouchidukuri/2026doutaishinsakekka.html,L2,観光・誘客
県|栃木県,令和8(2026)年度インフルエンサー活用情報発信事業業務委託公募型プロポーザルの審査結果について,https://www.pref.tochigi.lg.jp/c05/promotion/nyuusatsu/influencer2026_sinsakekka.html,L2,プロモーション
県|栃木県,令和8(2026)年度推しを活用した魅力発信強化事業業務委託公募型プロポーザルの実施について【再公募】,https://www.pref.tochigi.lg.jp/c05/promotion/nyuusatsu/oshikatsu2026_2_jissi.html,L2,プロモーション
県|栃木県,令和８年度農村ファンと地域をつなぐ情報発信業務委託公募型プロポーザルの審査結果について,https://www.pref.tochigi.lg.jp/g02/2026tunagu-digital_kekka.html,L2,プロモーション
県|栃木県,令和8(2026)年度「オールとちぎ移住・しごとフェア」業務委託公募型プロポーザルの実施結果について,https://www.pref.tochigi.lg.jp/a03/nyuusatu/alltochigi202602.html,L2,展示会・出展
県|栃木県,令和８年度 高度外国人材受入トータルサポート事業 業務委託公募型プロポーザルの審査結果について,https://www.pref.tochigi.lg.jp/f04/2026koudojinzaiproposalkekka.html,L2,海外展開
県|栃木県,令和8(2026)年度栃木県観光動態調査業務公募型プロポーザルに係る質問内容及び回答について,https://www.pref.tochigi.lg.jp/f05/kankouchidukuri/2026doutaisshitumonn.html,L2,観光・誘客
県|栃木県,令和7(2025)年度とちぎ若い世代向け少子化対策情報発信強化業務委託に係る公募型プロポーザルの審査結果について,https://www.pref.tochigi.lg.jp/e06/wakaisedaimuke_shinsakekka.html,L2,プロモーション
県|栃木県,令和７(2025)年度感染症対策デジタル情報発信・分析業務委託公募型プロポーザルの選定結果について,https://www.pref.tochigi.lg.jp/e04/kansen/r7digital_puropo_senteikekka.html,L2,プロモーション
県|栃木県,令和7(2025)年度とちぎブランドspirit調査業務委託公募型プロポーザルの審査結果について,https://www.pref.tochigi.lg.jp/a04/r7_tochigi_brand_chosa_kekka.html,L2,プロモーション
県|栃木県,性別によるアンコンシャス・バイアス気づきコンテストの開催及び普及啓発コンテンツ作成業務委託公募型プロポーザルの選定結果について,https://www.pref.tochigi.lg.jp/c07/ankon.html,L2,文化・芸術
県|栃木県,東南アジア及び香港における青果物プロモーション業務委託に係る公募型プロポーザルの審査結果について,https://www.pref.tochigi.lg.jp/g03/tounannaziar7.html,L2,プロモーション
県|栃木県,令和7(2025)年度とちぎの仕事魅力発信デジタルマーケティング業務委託公募型プロポーザルの審査結果について,https://www.pref.tochigi.lg.jp/a01/shigotomiryoku/r7shigotomiryoku-kekka.html,L2,プロモーション
県|栃木県,首都圏鉄道駅等連携「いちご王国」プロモーション業務委託に係る公募型プロポーザルの審査結果について,https://www.pref.tochigi.lg.jp/g03/ichigooukoku/r7syutokentetudou_kekka.html,L2,プロモーション
県|栃木県,令和7(2025)年度とも家事普及・定着に向けた情報発信業務委託に係る公募型プロポーザルの選定結果について,https://www.pref.tochigi.lg.jp/c07/2025ikii.html,L2,プロモーション
県|栃木県,【募集終了】「とちぎ食品輸出商談会（韓国）」の参加事業者を募集します,https://www.pref.tochigi.lg.jp/f04/2026-kaigaitenkai/20260915korea.html,L2,海外展開/展示会・出展
県|群馬県,公募型プロポーザル結果の公表（令和8年度多言語情報発信事業及び海外インフルエンサー等招請事業）,https://www.pref.gunma.jp/site/nyuusatsu/771797.html,L1,海外展開/プロモーション
県|群馬県,公募型プロポーザル結果の公表（「前橋クリエイティブシティ 県庁前通り社会実験アートプロジェクト」企画運営等業務）,https://www.pref.gunma.jp/site/nyuusatsu/770759.html,L2,文化・芸術/プロモーション
県|群馬県,【公募】「FOODEX JAPAN2027」群馬県ブース全体装飾等設営業務公募型プロポーザルの実施について,https://www.pref.gunma.jp/site/nyuusatsu/770814.html,L2,展示会・出展
県|群馬県,【公募】「群馬県の伝統野菜等を使用した群馬県PR動画コンテンツ制作業務」に係る公募型プロポーザルの実施について,https://www.pref.gunma.jp/site/nyuusatsu/770082.html,L2,工芸・地域産品/文化・芸術/プロモーション
県|群馬県,公募型プロポーザル結果の公表(「温泉文化」ユネスコ登録PR事業【一般事業型】業務委託）,https://www.pref.gunma.jp/site/nyuusatsu/769969.html,L2,文化・芸術/プロモーション
県|東京都,地域資源発掘型プログラム事業（第2回募集）,https://www.metro.tokyo.lg.jp/information/press/2026/08/2026082616,L2,工芸・地域産品
県|東京都,「つながる音楽会」観覧者募集のお知らせ,https://www.metro.tokyo.lg.jp/information/press/2026/08/2026082518,L2,文化・芸術
県|神奈川県,神奈川県文化芸術活動の補助金対象事業を募集します,https://www.pref.kanagawa.jp/docs/yi4/evt/e3225358.html,L1,文化・芸術
県|神奈川県,PROJECT 01「星の子」#踊ってみた 動画募集主題歌「星の子」の踊ってみた動画を全国から募集します。募集期間：2026年7月14日 17:00～9月30日 23:59詳細を見る →,https://www.pref.kanagawa.jp/osirase/0204/expo2027musical/odottemita.html,L1,プロモーション
県|神奈川県,PROJECT 02【募集終了】舞台版出演者オーディション舞台版の出演者を広く募集。居住地・経験不問、ミュージカルへの情熱のある方を歓迎します。募集期間：2026年7月14日 17:00～8月24日 23:59詳細を見る →,https://www.pref.kanagawa.jp/osirase/0204/expo2027musical/audition.html,L1,プロモーション
県|神奈川県,PROJECT 03【募集終了】映像版エキストラ募集映像版の撮影に参加いただくエキストラを大募集。国籍・経験不問です。募集期間：2026年7月14日 17:00～8月24日 23:59詳細を見る →,https://www.pref.kanagawa.jp/osirase/0204/expo2027musical/extra.html,L1,文化・芸術/プロモーション
県|神奈川県,映像版エキストラ募集,https://www.pref.kanagawa.jp/osirase/0204/expo2027musical/extra.html,L1,文化・芸術
県|新潟県,「新潟県における近世・近代の埋蔵文化財保護に関する基準」（案）について ご意見を募集します,https://www.pref.niigata.lg.jp/sec/bunka/kinnseikinndai.html,L1,文化・芸術
県|新潟県,令和８年度新潟観光ブランド形成促進事業 小学生向け観光副読本制作業務の委託（公募型プロポーザル、審査日９月24日）観光企画課,https://www.pref.niigata.lg.jp/sec/kankokikaku/0832860.html,L1,観光・誘客/プロモーション
県|新潟県,審査結果 中国スキークラブ等と連携したスキー誘客促進事業業務委託（プロポーザル、審査日８月24日） 新潟インバウンド推進協議会,https://www.pref.niigata.lg.jp/sec/kokusaikanko/cn-ski-result.html,L1,海外展開/観光・誘客
県|新潟県,「県産農林水産物のブランド化の推進に関する基本的な方針改定案」に対する意見募集結果をお知らせします,https://www.pref.niigata.lg.jp/site/syokuhin/brandpublic.html,L2,工芸・地域産品/プロモーション
県|新潟県,「新潟県産農林水産物輸出拡大実行プラン改定案」に対する意見募集結果をお知らせします,https://www.pref.niigata.lg.jp/site/syokuhin/yussyutuikenbosyukekka.html,L2,海外展開/工芸・地域産品
県|新潟県,新潟県文化振興基本計画（仮称）素案へのご意見を募集します,https://www.pref.niigata.lg.jp/sec/bunka/bunkakeikaku.html,L2,文化・芸術
県|新潟県,審査結果「関西情報発信拠点運営事業の業務委託」（審査日8月6日）地域産業振興課,https://www.pref.niigata.lg.jp/site/sangyorodo/kansaijohohasshinkyotenprpkekka.html,L2,プロモーション
県|富山県,【令和8年8月21日掲載】東アジア（台湾、香港）プロモーション事業業務委託に係る公募型プロポーザルの審査結果について,https://www.pref.toyama.jp/810121/20260818.html,L1,プロモーション
県|富山県,【令和8年8月12日掲載】フランスにおける観光プロモーション実施事業業務委託に係る公募型プロポーザルの審査結果について,https://www.pref.toyama.jp/810121/2026frprresult.html,L1,観光・誘客/プロモーション
県|富山県,【令和8年7月31日掲載】ウェルビーイング広報・行動変容促進業務委託に係る公募型プロポーザルの審査結果について,https://www.pref.toyama.jp/101731/proposal/r8wellbeingkohokekka.html,L1,プロモーション
県|富山県,【令和8年7月28日掲載】令和8年度富山県体験コンテンツ造成・販売支援事業業務委託に係る公募型プロポーザルの審査結果について,https://www.pref.toyama.jp/810111/puropo/20260727taikencontents.html,L1,文化・芸術
県|富山県,【令和8年7月21日掲載】令和8年度グランドサークルプロジェクト「豪州旅行会社招へい事業」業務委託に係る公募型プロポーザルの審査結果について,https://www.pref.toyama.jp/810121/2026gcpresult.html,L1,観光・誘客
県|富山県,【令和8年7月16日掲載】広報誌「ふるさと夢とやま47号」制作業務委託に係る公募型プロポーザルの審査結果について,https://www.pref.toyama.jp/1605/sangyou/nyuusatsu/koubo/20260716.html,L1,プロモーション
県|富山県,【令和8年7月16日掲載】2027年国際園芸博覧会屋内出展施工業務委託に係る公募型プロポーザル審査結果について,https://www.pref.toyama.jp/1613/enngei/2026-07-16.html,L1,海外展開/展示会・出展
県|富山県,【令和8年7月10日掲載】教職魅力化・働き方改革トータル広報支援事業業務委託に係る公募型プロポーザルの審査結果について,https://www.pref.toyama.jp/3001/kurashi/kyouiku/kyouiku/kekka2026totalkouhou.html,L1,プロモーション
県|富山県,【令和８年７月７日掲載】ベトナム観光プロモーション事業業務委託に係る公募型プロポーザルの審査結果について（中部山岳広域観光推進協議会事業）,https://www.pref.toyama.jp/810121/2026vietnamkekka.html,L1,観光・誘客/プロモーション
県|富山県,【令和8年7月1日掲載】第46回富山県伝統的工芸品展開催事業業務委託に係る公募型プロポーザルの審査結果について,https://www.pref.toyama.jp/130002/sangyou/kenten2026kekka.html,L1,工芸・地域産品
県|富山県,【令和8年6月26日掲載】富山地方鉄道立山線利用促進プロモーション業務の公募型プロポーザルの結果について,https://www.pref.toyama.jp/810111/puropo/tateyamasenriyousokusin.html,L1,プロモーション
県|富山県,【令和8年7月10日掲載】インバウンド向け報恩講料理着地型旅行商品造成事業業務委託に係る公募型プロポーザルの審査結果について,https://www.pref.toyama.jp/810111/puropo/202607houonkou.html,L1,海外展開/観光・誘客
県|富山県,【令和8年6月17日掲載】富山地方鉄道立山線魅力発信情報誌作成業務の公募型プロポーザルの結果について,https://www.pref.toyama.jp/810111/puropo/2026tateyamasen.html,L1,プロモーション
県|富山県,【令和8年6月18日掲載】「県民芸術文化祭2026」企画運営等業務委託に係る公募型プロポーザルの審査結果について,https://www.pref.toyama.jp/171801/bunkageijutsu/geibunsai2026/geibunsai2026kekka.html,L1,文化・芸術
県|富山県,【令和8年6月22日掲載】「正社員求職お仕事フェア事業」実施業務委託に係る公募型プロポーザルの審査結果について,https://www.pref.toyama.jp/130321/puropo/r8oshigotofea.html,L1,展示会・出展
県|福井県,福井原子力センター「あっとほうむ」映像ホールシステム改修業務_公募公告（Ｗｏｒｄ形式 39キロバイト）,https://www.pref.fukui.lg.jp/doc/atom/theater_d/fil/1.docx,L1,文化・芸術
県|福井県,福井原子力センター「あっとほうむ」映像ホールシステム改修業務_実施要領（Ｗｏｒｄ形式 43キロバイト）,https://www.pref.fukui.lg.jp/doc/atom/theater_d/fil/2.docx,L1,文化・芸術
県|福井県,福井原子力センター「あっとほうむ」映像ホールシステム改修業務_仕様書（Ｗｏｒｄ形式 390キロバイト）,https://www.pref.fukui.lg.jp/doc/atom/theater_d/fil/4.docx,L1,文化・芸術
県|福井県,福井原子力センター「あっとほうむ」映像ホールシステム改修業務_企画提案書作成要領（Ｗｏｒｄ形式 34キロバイト）,https://www.pref.fukui.lg.jp/doc/atom/theater_d/fil/5.docx,L1,文化・芸術
県|長野県,長野県150周年記念祭典「信濃の国」大合唱 オンライン参加団体 募集要項はこちら（PDF：398KB）,https://www.pref.nagano.lg.jp/seibun/naganoken150th/documents/online_2.pdf,L1,文化・芸術
県|静岡県,入札・業務委託・プロポーザル等（スポーツ・文化観光部）,https://www.pref.shizuoka.jp/kensei/nyusatsukobai/nyusatsusports/index.html,L1,文化・芸術/観光・誘客
県|静岡県,令和8年度静岡県高級宿泊施設誘致推進業務委託に係る企画提案募集,https://www.pref.shizuoka.jp/kensei/nyusatsukobai/1083821.html,L1,観光・誘客
県|愛知県,別添1「ジブリパークをイメージした駅等における装飾事業委託業務仕様書」 [PDFファイル／6.06MB],https://www.pref.aichi.jp/uploaded/attachment/627164.pdf,L1,展示会・出展
県|愛知県,ジブリパークをイメージした駅等における装飾事業委託業務募集要項 [PDFファイル／476KB],https://www.pref.aichi.jp/uploaded/attachment/627165.pdf,L1,展示会・出展
県|愛知県,別添1 ジブリパークをイメージした駅等における装飾事業委託業務仕様書 [PDFファイル／6.06MB],https://www.pref.aichi.jp/uploaded/attachment/627167.pdf,L1,展示会・出展
県|愛知県,別添2 ジブリパークをイメージした駅等における装飾事業委託業務企画提案書類作成要領 [PDFファイル／182KB],https://www.pref.aichi.jp/uploaded/attachment/627168.pdf,L1,展示会・出展
県|滋賀県,海外企業等向けビジネス視察相談窓口「Tech Tour SHIGA」開設にかかる海外視察団の受け入れ企業募集！,https://www.pref.shiga.lg.jp/zigyousya/event/339140.html,L1,海外展開
県|京都府,「地元の産業を知ろう！高校生と企業の交流会」出展企業を募集します,https://www.pref.kyoto.jp/t-no-shoko/news/kouryuukai12.html,L2,展示会・出展
県|大阪府,令和8年度大阪文化賞候補者推薦募集要領（PDF：89KB）,https://www.pref.osaka.lg.jp/documents/138165/bosyuyoryo.pdf,L1,文化・芸術
県|大阪府,令和8年度大阪文化賞候補者推薦募集要領（ワード：42KB）,https://www.pref.osaka.lg.jp/documents/138165/bosyuyoryo.doc,L1,文化・芸術
県|大阪府,大阪文化賞候補者募集チラシ（PDF：756KB）,https://www.pref.osaka.lg.jp/documents/138165/chirashi.pdf,L1,文化・芸術
県|兵庫県,「ひょうごフィールドパビリオンエクスカーション型磨き上げ業務」に係る公募型プロポーザルの実施,https://web.pref.hyogo.lg.jp/kk08/press/20260826.html,L2,展示会・出展
県|兵庫県,兵庫丹波ブランド農産物新商品開発応援事業のグループインタビュー業務 公募型プロポーザルの実施について,https://web.pref.hyogo.lg.jp/tnk11/press/20260821.html,L2,プロモーション
県|兵庫県,理工系学生のための魅力的な企業発見フェア（国際フロンティア産業メッセ2026での特設コーナーを設置）参加者募集,https://web.pref.hyogo.lg.jp/sr05/20260820.html,L2,海外展開/展示会・出展/プロモーション
県|兵庫県,令和8年度「文化部高校生発表の場」企画運営広報業務に係る公募型プロポーザルの実施,https://web.pref.hyogo.lg.jp/kk18/press/20260817.html,L2,文化・芸術/プロモーション
県|兵庫県,阪神北インバウンド向けWebプロモーション業務企画提案コンペの実施,https://web.pref.hyogo.lg.jp/hnk02/press/webpromotion.html,L2,海外展開/プロモーション
県|兵庫県,阪神北インバウンド向け体験コンテンツ磨き上げ・発掘業務企画提案コンペの実施について,https://web.pref.hyogo.lg.jp/hnk02/20260806.html,L2,海外展開/文化・芸術
県|鳥取県,【調達公告】鳥取県職員採用PR動画制作業務委託のプロポーザル選考について,https://www.pref.tottori.lg.jp/329167.htm,L1,プロモーション
県|岡山県,入札公告（会場設営） [PDFファイル／141KB],https://www.pref.okayama.jp/uploaded/life/1053912_10211945_misc.pdf,L1,展示会・出展
県|岡山県,入札説明書（会場設営） [PDFファイル／162KB],https://www.pref.okayama.jp/uploaded/life/1053912_10211946_misc.pdf,L1,展示会・出展
県|岡山県,業務仕様書（会場設営） [PDFファイル／320KB],https://www.pref.okayama.jp/uploaded/life/1053912_10211947_misc.pdf,L1,展示会・出展
県|岡山県,岡山県総合観光案内マップ制作業務 公募型プロポーザル結果の公表,https://www.pref.okayama.jp/site/321/1054020.html,L1,観光・誘客
県|岡山県,令和８年度岡山県登録販売者試験会場設営業務に係る一般競争入札（条件付）の実施について,https://www.pref.okayama.jp/site/321/1053912.html,L1,展示会・出展
県|岡山県,令和８年度人形峠アトムサイエンス館原子力広報展示物更新業務公募型プロポーザル（技術提案）結果の公表について,https://www.pref.okayama.jp/site/321/931827.html,L1,プロモーション
県|岡山県,おかやま外国人材活躍支援企業認証制度の調査業務 公募型プロポーザル（技術提案）結果の公表,https://www.pref.okayama.jp/site/321/1050621.html,L2,海外展開
県|岡山県,令和８年度「森の芸術祭 晴れの国・岡山」2027戦略的プロモーション推進業務に係る公募型プロポーザル（技術提案）結果の公表,https://www.pref.okayama.jp/site/321/1050685.html,L2,文化・芸術/プロモーション
県|岡山県,2026台北国際旅行博（ITF）出展に係る業務に係る公募型プロポーザル（技術提案）結果の公表,https://www.pref.okayama.jp/site/321/988147.html,L2,海外展開/展示会・出展/観光・誘客
県|岡山県,令和８年度ＳＮＳ広告等を活用したインバウンド向け情報発信業務に係る公募型プロポーザル（技術提案）結果の公表,https://www.pref.okayama.jp/site/321/1047308.html,L2,海外展開/プロモーション
県|岡山県,保育の魅力発見フェア企画運営業務委託 公募型プロポーザル（技術提案）結果の公表,https://www.pref.okayama.jp/site/321/983978.html,L2,展示会・出展/プロモーション
県|岡山県,公共交通利用促進プロモーション業務に係る技術提案結果の公表について,https://www.pref.okayama.jp/site/321/1041102.html,L2,プロモーション
県|広島県,「ひろしまＦａｍＮＡＶＩ＋」広報実施業務公募型プロポーザルの審査結果について,https://www.pref.hiroshima.lg.jp/site/nyusatsukeiyaku/famnavi-puropo-r8.html,L1,プロモーション
県|広島県,令和８年７月13日公告「１学級規模校の魅力の認知向上に向けた広報支援業務に係る公募型プロポーザル」の選定結果について,https://www.pref.hiroshima.lg.jp/site/nyusatsukeiyaku/miryoninnchi-proposal08.html,L1,プロモーション
県|山口県,令和8年度 青少年等国際交流促進事業補助金三次募集案内 （PDF：278KB）,https://www.pref.yamaguchi.lg.jp/uploaded/attachment/248337.pdf,L1,海外展開
県|山口県,山口きらら博記念公園体験学習施設・アーバンスポーツ施設コンテンツ導入業務公募型プロポーザルについて質問回答表を掲載します。,https://www.pref.yamaguchi.lg.jp/soshiki/256/354863.html,L1,文化・芸術
県|山口県,山口きらら博記念公園体験学習施設・アーバンスポーツ施設コンテンツ導入業務公募型プロポーザルの実施について,https://www.pref.yamaguchi.lg.jp/soshiki/256/350625.html,L1,文化・芸術
県|徳島県,条件付き一般競争入札「徳島県文化の森総所蔵資料デジタル化業務」の入札結果について,https://www.pref.tokushima.lg.jp/ippannokata/nyusatsu/itaku/7315611/,L1,文化・芸術
県|徳島県,令和8年度 県立テクノスクール「新コース」外国人労働者向け在職者訓練 受講生募集！,https://www.pref.tokushima.lg.jp/ippannokata/sangyo/shushokushien/7313857/,L1,海外展開
県|徳島県,公募型プロポーザル方式「第13回“日本の食品”輸出EXPO WINTER」徳島県ブース装飾設置運営委託事業者募集に係る質問への回答について,https://www.pref.tokushima.lg.jp/jigyoshanokata/nyusatsu/itaku/7315873/,L1,海外展開/展示会・出展
県|愛媛県,【審査結果掲載】第36回全国産業教育フェア佐賀大会視察に係る宿泊・輸送等計画作成業務の公募型プロポーザルの実施について,https://www.pref.ehime.jp/site/nyusatsu/150948.html,L1,展示会・出展/観光・誘客
県|愛媛県,第37回全国産業教育フェア愛媛大会公式Webページ作成業務委託公募型プロポーザルの実施について,https://www.pref.ehime.jp/site/nyusatsu/154692.html,L2,展示会・出展
県|愛媛県,令和8年度「えひめ防災フェア運営業務」に係る企画提案の募集について,https://www.pref.ehime.jp/site/nyusatsu/154775.html,L2,展示会・出展
県|愛媛県,とべもり＋（プラス）及び道後公園（湯築城跡）魅力発信及び戦略的広報事業に係る 企画提案（プロポーザル）の実施について,https://www.pref.ehime.jp/site/nyusatsu/136462.html,L2,プロモーション
県|福岡県,広報広聴・意見募集,https://www.pref.fukuoka.lg.jp/life/8/72/,L1,プロモーション
県|福岡県,「第２期文化芸術に関する施策を総合的かつ計画的に推進するための基本計画について（答申案）」に対する意見募集結果について,https://www.pref.fukuoka.lg.jp/contents/bunka-pabukome2025.html,L1,文化・芸術
県|福岡県,「第三次福岡県観光振興指針（案）」に対する意見募集（パブリックコメント）の結果について,https://www.pref.fukuoka.lg.jp/contents/3kankoushishin-ikenbosyu-kekka.html,L1,観光・誘客
県|福岡県,”九州”のロゴマークをデザインするデザイナー・アートディレクターを募集します,https://www.pref.fukuoka.lg.jp/contents/kyushulogo.html,L1,文化・芸術
県|福岡県,「福岡県宿泊税検討委員会 報告書（案）」に対する意見募集（パブリックコメント）結果について,https://www.pref.fukuoka.lg.jp/contents/shukuhakuzei-ikenbosyu-kekka2023-2.html,L1,観光・誘客
県|福岡県,「福岡県宿泊税検討委員会 報告書（案）」に対する意見募集（パブリックコメント）の実施について（意見募集は終了しました）,https://www.pref.fukuoka.lg.jp/contents/shukuhakuzei-ikenbosyu-2023-2.html,L1,観光・誘客
県|福岡県,「福岡県観光振興財源検討会議 報告書（案）」に対する意見募集（パブリックコメント）のお知らせ（意見募集は終了しました）,https://www.pref.fukuoka.lg.jp/contents/kankoushinkou-ikenbosyu.html,L1,観光・誘客
県|福岡県,「福岡県観光振興財源検討会議 報告書（案）」に対する意見募集（パブリックコメント）結果について,https://www.pref.fukuoka.lg.jp/contents/kankoushinkou-ikenbosyu-kekka.html,L1,観光・誘客
県|福岡県,福岡県警察職員の海外出張について（航空機操縦士限定変更資格取得訓練業務委託）,https://www.pref.fukuoka.lg.jp/contents/policekaigai-koukukisoujushishikaku.html,L1,海外展開
県|福岡県,【企画提案公募】2027年国際園芸博覧会屋内出展作品に係る設計・施工・維持管理業務委託事業者を募集します,https://www.pref.fukuoka.lg.jp/contents/engei-hana.html,L1,海外展開/展示会・出展
県|福岡県,【選定結果を追加しました】【企画提案公募】福岡県ものづくり企業オープンファクトリー業務委託に係る企画提案を公募します,https://www.pref.fukuoka.lg.jp/bid-info/fukuoka-open-factory2026.html,L1,工芸・地域産品
県|福岡県,福岡県外国人介護人材確保強化事業費補助金事業者選定要領 [PDFファイル／152KB],https://www.pref.fukuoka.lg.jp/uploaded/attachment/292807.pdf,L2,海外展開
県|佐賀県,佐賀酒国際コンペティション出品支援事業費補助金の募集を行います,https://www.pref.saga.lg.jp/kiji003117445/index.html,L1,海外展開
県|佐賀県,令和8年度「佐賀県外国人材雇用サポート事業」企画・運営業務委託に関する企画提案を募集します,https://www.pref.saga.lg.jp/kiji003118112/index.html,L1,海外展開
県|佐賀県,令和8年度子育てし大県“さが”SNS情報発信業務委託の委託先を決定しました,https://www.pref.saga.lg.jp/kiji00395489/index.html,L1,プロモーション
県|佐賀県,「佐賀県産業用地造成事業特別会計経営戦略（案）」に関する意見募集結果,https://www.pref.saga.lg.jp/kiji003117334/index.html,L1,工芸・地域産品
県|長崎県,入札結果（長崎県広報誌及び長崎県ウェブサイト有料広告掲載業務）,https://www.pref.nagasaki.jp/nyusatsu-docs/773344.html,L2,プロモーション
県|大分県,海外向けグリーンツーリズム推進事業セールスツール制作委託業務に係る企画提案競技の実施についてのお知らせ,https://www.pref.oita.jp/site/nyusatu-koubo/oita-greentourism.html,L1,海外展開
県|大分県,「令和８年度若年層向け女性に対する暴力防止に係る広報・啓発事業委託業務委託」の企画提案募集について,https://www.pref.oita.jp/soshiki/13040/zyakunensoboryokubosi08.html,L1,プロモーション
県|大分県,【審査結果】令和８年度大分県介護の魅力発信事業（イベント開催）に係る企画提案の公募について,https://www.pref.oita.jp/site/790/2026-kaigoevent.html,L2,プロモーション
県|大分県,【公募要領】県産加工食品高付加価値化等支援事業費補助金公募要領 [Wordファイル／74KB],https://www.pref.oita.jp/uploaded/attachment/2272927.doc,L2,工芸・地域産品
県|宮崎県,【終了】令和7年度宮崎県外国人材定着促進支援事業費補助金の募集について,https://www.pref.miyazaki.lg.jp/sangyoseisaku/shigoto/rodo/koyotaisaku/gaikokuzinzai_hojokin.html,L1,海外展開
県|宮崎県,「輸出コーディネート活動業務」企画提案競技（プロポーザル方式）の審査結果について,https://www.pref.miyazaki.lg.jp/nogyoryutsu-brand/kense/chotatsu/20260825090852.html,L1,海外展開
県|宮崎県,世界へ羽ばたけ！県産品海外展開強化事業（米国）業務企画提案競技の結果について,https://www.pref.miyazaki.lg.jp/kokusai-keizaikoryu/kense/chotatsu/20260806153408.html,L1,海外展開/工芸・地域産品
県|宮崎県,「海外留学実践体験研修（米国コース、アジアコース）」及び「海外ファームステイ等実践体験研修（オセアニアコース）」業務委託企画提案競技の結果について,https://www.pref.miyazaki.lg.jp/kokokyoiku/kense/chotatsu/20260803101451.html,L1,海外展開
県|宮崎県,【県総合博物館】令和8年度文化財虫菌害防除業務委託における条件付一般競争入札の結果について,https://www.pref.miyazaki.lg.jp/desaki/kense/chotatsu/sogonogyoshikenjo/20260720131230.html,L1,文化・芸術
県|宮崎県,令和8年度みやざきビジネスアカデミー（外国人労働者向けプログラム）運営業務企画提案競技結果の公表について,https://www.pref.miyazaki.lg.jp/sangyoseisaku/kense/chotatsu/20260610091841.html,L1,海外展開
県|宮崎県,食を中心としたみやざきの魅力発信強化事業（雑誌タイアップ）業務委託に係る企画提案競技（プロポーザル方式）の結果をお知らせします,https://www.pref.miyazaki.lg.jp/kigyoshinko/kense/chotatsu/20260728092540.html,L1,プロモーション
県|宮崎県,フードビジネス競争力強化事業（商品の魅力発掘・強化事業）業務委託に係る企画提案競技（プロポーザル方式）の結果をお知らせします,https://www.pref.miyazaki.lg.jp/kigyoshinko/kense/chotatsu/20260728094019.html,L1,プロモーション
県|宮崎県,令和8年度看護師等確保に向けた県内医療機関就職促進フェア事業実施業務委託に係る企画提案競技の結果について,https://www.pref.miyazaki.lg.jp/iryoseisaku/kense/chotatsu/20260611160004.html,L1,展示会・出展
県|宮崎県,食を中心としたみやざきの魅力発信強化事業（メディアプロモーション）業務委託に係る企画提案競技（プロポーザル方式）の結果をお知らせします,https://www.pref.miyazaki.lg.jp/kigyoshinko/kense/chotatsu/20260717085029.html,L1,プロモーション
県|宮崎県,宮崎県における高付加価値・着地型観光コンテンツ造成・磨き上げ事業業務委託企画競技（プロポーザル方式）の審査結果について,https://www.pref.miyazaki.lg.jp/kanko-suishin/kense/chotatsu/20260716132628.html,L1,文化・芸術/観光・誘客
県|宮崎県,【令和8年度】受注企業の価格転嫁促進に係る広報・啓発業務委託の企画提案競技の結果の公表について,https://www.pref.miyazaki.lg.jp/shokoseisaku/kense/chotatsu/20260713091134.html,L1,プロモーション
県|宮崎県,2027年国際園芸博覧会屋外出展業務委託に係る企画提案競技の結果について,https://www.pref.miyazaki.lg.jp/utsukushii/kense/chotatsu/20260706125941.html,L1,海外展開/展示会・出展
県|宮崎県,ひなたゼロカーボン2050プロモーション事業業務委託に係る企画提案競技の結果の公表,https://www.pref.miyazaki.lg.jp/kankyoshinrin/kense/chotatsu/20260706105208.html,L1,プロモーション
県|宮崎県,大規模商談会出展（冷凍部門）に係る宮崎県ブース企画運営業務委託の企画提案競技（プロポーザル方式）の審査結果について,https://www.pref.miyazaki.lg.jp/kigyoshinko/kense/chotatsu/20260519155920.html,L1,展示会・出展
県|宮崎県,令和8年度「若者UIJターン促進事業」PR業務委託企画提案競技の結果を公表します,https://www.pref.miyazaki.lg.jp/chusankan-chiiki/kense/chotatsu/20260624184647.html,L1,プロモーション
県|宮崎県,「みやざき・ひなたの介護」情報発信事業実施業務委託企画提案競技による契約結果の公表について,https://www.pref.miyazaki.lg.jp/choju/kense/chotatsu/20260525162917.html,L1,プロモーション
県|宮崎県,国民健康保険広報事業業務委託企画提案競技の結果について,https://www.pref.miyazaki.lg.jp/kokuhoengo/kense/chotatsu/20260409145825.html,L1,プロモーション
県|宮崎県,（令和8年度）海外連携強化による外国人材確保業務委託に係る企画提案競技の結果の公表について,https://www.pref.miyazaki.lg.jp/sangyoseisaku/kense/chotatsu/20260601200256.html,L1,海外展開
県|宮崎県,宮崎県海外ビジネスサポートデスク（欧州）業務企画提案競技の結果について,https://www.pref.miyazaki.lg.jp/kokusai-keizaikoryu/kense/chotatsu/20260529095606.html,L1,海外展開
県|宮崎県,外国人介護人材定着支援事業業務委託企画提案競技による契約結果の公表について,https://www.pref.miyazaki.lg.jp/choju/kense/chotatsu/20260508115938.html,L1,海外展開
県|宮崎県,令和8年度特定技能外国人材マッチング支援事業業務企画提案競技による契約結果の公表について,https://www.pref.miyazaki.lg.jp/choju/kense/chotatsu/20260525163302.html,L1,海外展開
県|宮崎県,「令和8年度宮崎県観光入込客統計調査業務委託」の入札結果公表について,https://www.pref.miyazaki.lg.jp/kanko-suishin/kense/chotatsu/20260518105237.html,L1,観光・誘客
県|宮崎県,海外ECを活用した販路拡大・定着支援業務委託企画提案競技の結果について,https://www.pref.miyazaki.lg.jp/kokusai-keizaikoryu/kense/chotatsu/20260515172703.html,L1,海外展開
県|宮崎県,MIYAZAKI恋旅行事業に係る企画提案競技の結果について,https://www.pref.miyazaki.lg.jp/kodomo-seisaku/kense/chotatsu/20260513100736.html,L1,観光・誘客
県|宮崎県,令和8年度ひなたの出逢い・子育て応援運動啓発・情報発信業務委託に係る企画提案競技の結果について,https://www.pref.miyazaki.lg.jp/kodomo-seisaku/kense/chotatsu/20260512131553.html,L1,プロモーション
県|宮崎県,「みやざきの魅力発信拠点（Hinata Base）設置事業業務委託」に係る企画提案競技の結果について,https://www.pref.miyazaki.lg.jp/kokusai-keizaikoryu/kense/chotatsu/20260508134942.html,L1,プロモーション
県|宮崎県,推し活で日本のひなたプロモーション事業業務委託企画提案競技の結果について,https://www.pref.miyazaki.lg.jp/kanko-suishin/kense/chotatsu/2026043001.html,L1,プロモーション
県|宮崎県,令和8年度「日本のひなた宮崎 国スポ・障スポ」ウォールアートデザイン制作業務委託企画提案競技の結果について,https://www.pref.miyazaki.lg.jp/shospo-taikai/kensei/choutatsu/20260424140839.html,L1,文化・芸術
県|宮崎県,みやざき宿泊旅行需要喚起事業業務委託に係る企画提案競技の結果について,https://www.pref.miyazaki.lg.jp/kanko-suishin/kense/chotatsu/20260407192930.html,L1,観光・誘客
県|宮崎県,令和8年度宮崎県障がい者芸術文化支援センター運営業務委託企画提案競技の結果について,https://www.pref.miyazaki.lg.jp/miyazaki-bunkashinko/kense/chotatsu/20260226154317.html,L1,文化・芸術
県|宮崎県,「米国市場に向けた宮崎の本格焼酎魅力発信業務委託」に係る企画提案競技の結果について,https://www.pref.miyazaki.lg.jp/kokusai-keizaikoryu/kense/chotatsu/20260330132457.html,L1,プロモーション
県|宮崎県,令和8年度宮崎県広報紙への広告掲載取扱業務に係る一般競争入札の結果公表,https://www.pref.miyazaki.lg.jp/kohosenryaku/kense/chotatsu/20260325201303.html,L1,プロモーション
県|宮崎県,「みやざき館KONNE KITTE大阪店」魅力向上事業業務委託企画提案競技の結果について,https://www.pref.miyazaki.lg.jp/osaka/kense/chotatsu/20260212104351.html,L1,プロモーション
県|宮崎県,「みやざきの文化」魅力発信業務委託に係る企画提案競技の結果について,https://www.pref.miyazaki.lg.jp/miyazaki-bunkashinko/kense/chotatsu/20260129162940.html,L1,文化・芸術/プロモーション
県|宮崎県,新宿地区における「ナッシーリゾートin宮崎」PRイベント開催業務委託企画提案競技の結果について,https://www.pref.miyazaki.lg.jp/desaki/kense/chotatsu/tokyojimusyo/20251009132455.html,L1,プロモーション
県|宮崎県,バス利用拡大支援PR業務委託に係る企画提案競技の結果について,https://www.pref.miyazaki.lg.jp/sogokotsu/kense/chotatsu/20260122131829.html,L1,プロモーション
県|宮崎県,「みやざき文化振興計画」改定に係る県民意識調査業務委託に係る条件付き一般競争入札の結果公表,https://www.pref.miyazaki.lg.jp/miyazaki-bunkashinko/kense/chotatsu/20260123181537.html,L1,文化・芸術
県|宮崎県,世界観光ガイド連盟総会交流会神楽公演開催業務委託企画提案競技の結果について,https://www.pref.miyazaki.lg.jp/miyazaki-bunkashinko/kense/chotatsu/20260109142622.html,L1,観光・誘客
県|宮崎県,「関西圏におけるみやざきの食の魅力プロモーション事業」業務委託企画提案競技の結果について,https://www.pref.miyazaki.lg.jp/osaka/kense/chotatsu/20260116134110.html,L1,プロモーション
県|宮崎県,「令和7年度宮崎県観光案内板情報更新等業務委託」の入札結果公表について,https://www.pref.miyazaki.lg.jp/kanko-suishin/kense/chotatsu/20251217154914.html,L1,観光・誘客
県|宮崎県,みやざき魅力発信プロジェクト業務委託企画提案競技の結果について,https://www.pref.miyazaki.lg.jp/kiki-shobohoan/kense/chotatsu/20251209095758.html,L1,プロモーション
県|宮崎県,次世代エネルギーパークPR動画制作・広報業務委託に係る企画提案競技の結果の公表,https://www.pref.miyazaki.lg.jp/kankyoshinrin/kense/chotatsu/20251201094840.html,L1,プロモーション
県|宮崎県,新規市場輸出拡大事業業務委託企画提案競技の結果について,https://www.pref.miyazaki.lg.jp/shinsei-chikusan/kense/chotatsu/20251127094352.html,L1,海外展開
県|宮崎県,令和7年度みやざき木の魅力発信事業業務委託に係る企画提案競技の結果について,https://www.pref.miyazaki.lg.jp/miyazaki-sugi/kense/chotatsu/20251122112353.html,L1,プロモーション
県|宮崎県,令和7年度ひなた創生のための奨学金返還支援事業広報業務企画提案競技結果の公表について,https://www.pref.miyazaki.lg.jp/sangyoseisaku/kense/chotatsu/20251105133133.html,L1,プロモーション
県|宮崎県,令和7年度宮崎県総合防災訓練に係る会場設営及び撤去等業務委託の一般競争入札（条件付）の結果について,https://www.pref.miyazaki.lg.jp/kiki-kikikanri/kense/chotatsu/20251024182523.html,L1,展示会・出展
県|宮崎県,メディアを活用した近隣圏域向け観光プロモーション事業業務委託企画提案競技の結果について,https://www.pref.miyazaki.lg.jp/kanko-suishin/kense/chotatsu/2025102201.html,L1,観光・誘客/プロモーション
県|宮崎県,令和7年度宮崎県防災救急航空センター映像・音響システム改修業務に係る一般競争入札（入札結果の公表）,https://www.pref.miyazaki.lg.jp/desaki/kense/chotatsu/bosaikyukyukoku-c/20251015171925.html,L1,文化・芸術
県|宮崎県,令和7年度広報用航空写真撮影業務委託に係る一般競争入札（入札結果の公表）,https://www.pref.miyazaki.lg.jp/kohosenryaku/kense/chotatsu/20250929111834.html,L1,プロモーション
県|宮崎県,令和7年度女性活躍推進に関する広報・啓発活動業務委託に係る企画提案競技の結果について,https://www.pref.miyazaki.lg.jp/joseikatsuyaku/kense/chotatsu/20250916104404.html,L1,プロモーション
県|宮崎県,首都圏における「行きたくなる宮崎へ」PRイベント開催業務委託に係る企画提案競技の結果について,https://www.pref.miyazaki.lg.jp/desaki/kense/chotatsu/tokyojimusyo/20251024112444.html,L1,プロモーション
県|宮崎県,県立芸術劇場開館30周年記念誌制作等業務委託に係る企画提案競技の結果について,https://www.pref.miyazaki.lg.jp/miyazaki-bunkashinko/kense/chotatsu/20250901111632.html,L1,文化・芸術
県|宮崎県,企業の農業参入推進PR動画制作業務委託企画提案競技の結果について,https://www.pref.miyazaki.lg.jp/ninaitenochi/kense/chotatsu/20250904114210.html,L1,プロモーション
県|宮崎県,メディア等を活用した関西圏観光プロモーション業務委託企画提案競技の結果について,https://www.pref.miyazaki.lg.jp/osaka/kense/chotatsu/20250826131015.html,L1,観光・誘客/プロモーション
県|宮崎県,世界農業遺産高千穂郷・椎葉山地域資源魅力発信事業業務委託に係る企画提案競技の結果について,https://www.pref.miyazaki.lg.jp/noseikikaku/kense/chotatsu/20250806084632.html,L1,工芸・地域産品/プロモーション
県|宮崎県,「国内バー市場に向けた宮崎の本格焼酎魅力発信業務」に係る企画提案競技の結果について,https://www.pref.miyazaki.lg.jp/kokusai-keizaikoryu/kense/chotatsu/20250804163402.html,L1,プロモーション
県|宮崎県,令和7年度「みやざきとのつながり創出プロモーション事業」業務委託企画提案競技の結果を公表します,https://www.pref.miyazaki.lg.jp/chusankan-chiiki/kense/chotatsu/20250717135201.html,L1,プロモーション
県|宮崎県,「バーチャルみやざき」で日本のひなたPR事業業務委託企画提案競技の結果について,https://www.pref.miyazaki.lg.jp/kanko-suishin/kense/chotatsu/2025071601.html,L1,プロモーション
県|宮崎県,祖母・傾・大崩ユネスコエコパークVR動画コンテンツ制作業務委託企画提案競技の結果について,https://www.pref.miyazaki.lg.jp/chusankan-chiiki/kense/chotatsu/20250711142834.html,L1,文化・芸術
県|宮崎県,令和7年度みやざきビジネスアカデミー（外国人労働者向けプログラム）運営業務企画提案競技結果の公表について,https://www.pref.miyazaki.lg.jp/sangyoseisaku/kense/chotatsu/20250703091903.html,L1,海外展開
県|宮崎県,受注企業の価格転嫁促進に係る広報・啓発業務委託の企画提案競技の結果の公表について,https://www.pref.miyazaki.lg.jp/shokoseisaku/kense/chotatsu/20250704173936.html,L1,プロモーション
県|宮崎県,令和7年度「宮崎移住の魅力発信セミナー開催事業」業務委託企画提案競技の結果を公表します,https://www.pref.miyazaki.lg.jp/chusankan-chiiki/kense/chotatsu/20250701094252.html,L1,プロモーション
県|宮崎県,みやざきの農業遺産地域資源魅力発信事業業務委託に係る企画提案競技の結果について,https://www.pref.miyazaki.lg.jp/noseikikaku/kense/chotatsu/20250710144513.html,L1,工芸・地域産品/プロモーション
県|宮崎県,「シンガポール市場に向けた宮崎の本格焼酎魅力発信業務」に係る企画提案競技の結果について,https://www.pref.miyazaki.lg.jp/kokusai-keizaikoryu/kense/chotatsu/20250703205824.html,L1,プロモーション
県|宮崎県,令和7年度「若者UIJターン促進事業」PR業務委託企画提案競技の結果を公表します,https://www.pref.miyazaki.lg.jp/chusankan-chiiki/kense/chotatsu/20250701092537.html,L1,プロモーション
県|宮崎県,令和7年度宮崎県外国人材受入・定着支援センター設置・運営等業務委託企画提案競技結果の公表について,https://www.pref.miyazaki.lg.jp/sangyoseisaku/kense/chotatsu/20250528182247.html,L1,海外展開
県|宮崎県,宮崎県における令和7年国勢調査広報業務委託企画提案競技（プロポーザル方式）の結果について,https://www.pref.miyazaki.lg.jp/tokeichosa/kense/chotatsu/20250514152740.html,L1,プロモーション
県|宮崎県,メディアを活用した大都市圏向け観光プロモーション事業業務委託企画提案競技の結果について,https://www.pref.miyazaki.lg.jp/kanko-suishin/kense/chotatsu/2025051901.html,L1,観光・誘客/プロモーション
県|宮崎県,大阪・関西万博九州7県合同催事「宮崎県ブース」展示・運営等業務委託企画提案競技の結果について,https://www.pref.miyazaki.lg.jp/kanko-suishin/kense/chotatsu/20250421110848.html,L1,展示会・出展
県|宮崎県,令和7年度宮崎県障がい者芸術文化支援センター運営業務委託企画提案競技の結果について,https://www.pref.miyazaki.lg.jp/miyazaki-bunkashinko/kense/chotatsu/20250319151025.html,L1,文化・芸術
県|宮崎県,令和7年度宮崎県広報紙への広告掲載取扱業務に係る一般競争入札の結果公表,https://www.pref.miyazaki.lg.jp/kohosenryaku/kense/chotatsu/20250326183548.html,L1,プロモーション
県|宮崎県,宮崎県立芸術劇場内カフェ設置・運営業務委託に係る企画提案競技（プロポーザル方式）の結果について,https://www.pref.miyazaki.lg.jp/miyazaki-bunkashinko/kense/chotatsu/20250311094835.html,L1,文化・芸術
県|宮崎県,令和6年度九州エコファミリー応援アプリ九州統一広報事業委託業務に係る企画提案競技の結果の公表,https://www.pref.miyazaki.lg.jp/kankyoshinrin/kense/chotatsu/20250130161911.html,L1,プロモーション
県|宮崎県,令和6年度宮崎（県北地域）の強みを生かした誘客事業業務委託企画提案競技の結果について,https://www.pref.miyazaki.lg.jp/kanko-suishin/kense/chotatsu/20241011111001.html,L1,観光・誘客
県|宮崎県,令和6年度宮崎（県西地域）の強みを生かした誘客事業業務委託企画提案競技の結果について,https://www.pref.miyazaki.lg.jp/kanko-suishin/kense/chotatsu/20241011110148.html,L1,観光・誘客
県|宮崎県,令和6年度広報用航空写真撮影業務委託に係る一般競争入札（入札結果の公表）,https://www.pref.miyazaki.lg.jp/kohosenryaku/kense/chotatsu/20240927083517.html,L1,プロモーション
県|宮崎県,宮崎県へき地医療PR動画作成業務委託に関する企画提案競技による契約結果の公表について,https://www.pref.miyazaki.lg.jp/iryoseisaku/kense/chotatsu/20240819102520.html,L1,プロモーション
県|宮崎県,「宮崎ー韓国青少年国際交流事業」業務の一般競争入札の実施について,https://www.pref.miyazaki.lg.jp/kokusai-keizaikoryu/kense/chotatsu/20250605100643.html,L1,海外展開
県|宮崎県,【案内】「SEMICON Taiwan 2025」への出展募集について,https://www.pref.miyazaki.lg.jp/kigyoshinko/shigoto/shokogyo/20250428093056.html,L2,展示会・出展
県|鹿児島県,外国人材が働きやすい職場づくりに取り組んでいる企業等を募集します！（令和8年度かごしま外国人材受入優良企業表彰）,https://www.pref.kagoshima.jp/af21/gaikokujinzai/torikumi/teichaku/r8hyousyou.html,L1,海外展開
県|鹿児島県,外国人材と地域住民が学び・出会い・歩み寄るまちづくり推進事業（外国人材，日本人参加者を募集します！）,https://www.pref.kagoshima.jp/af21/gaikoku-chiiki.html,L1,海外展開
県|鹿児島県,【8月27日正午募集再開】令和8年度鹿児島県外国人材向け日本語学習支援事業について,https://www.pref.kagoshima.jp/af21/gaikokujinzai_nihongo.html,L1,海外展開
県|鹿児島県,【質問への回答を掲載しました】「和牛日本一鹿児島」プロジェクトに係るホテル・レストランフェアと連動した県産和牛のＰＲ業務委託に係る企画提案の募集,https://www.pref.kagoshima.jp/ag07/r8preevent.html,L1,展示会・出展/工芸・地域産品
県|鹿児島県,【再募集】鹿児島県文化センター施設予約システム導入事業に係る企画提案の募集について,https://www.pref.kagoshima.jp/ab10/r8_yoyaku_system.html,L1,文化・芸術
県|鹿児島県,【質問への回答を掲載しました】鹿児島県知事のインド渡航旅行手配等業務委託の企画提案の募集について,https://www.pref.kagoshima.jp/af09/india.html,L1,観光・誘客
県|鹿児島県,【質問への回答を掲載しました】「奄美大島・徳之島」世界自然遺産登録5周年を契機とした誘客・周遊キャンペーン企画運営業務委託の企画提案の募集について,https://www.pref.kagoshima.jp/af08/amamitokunoshima02.html,L1,観光・誘客
県|鹿児島県,令和8年度「農業・農大魅力アップPR事業」業務委託の企画提案を募集します！,https://www.pref.kagoshima.jp/ag05/miryoku.html,L1,プロモーション
県|鹿児島県,令和8年度消費者啓発広報事業業務委託に係る企画競争について,https://www.pref.kagoshima.jp/ab11/kurashi-kankyo/syohi/keihatukoho/r08keihatsu.html,L1,プロモーション
県|鹿児島県,【募集】「奄美大島・徳之島」世界自然遺産登録5周年を契機とした誘客・周遊キャンペーン企画運営業務委託の企画提案の募集について,https://www.pref.kagoshima.jp/af08/amamitokunoshima.html,L1,観光・誘客
県|鹿児島県,2027年国際園芸博覧会（GREEN×EXPO2027）鹿児島県屋内出展業務委託の企画提案を募集します,https://www.pref.kagoshima.jp/ag06/hanakaju/greenexpo.html,L1,海外展開/展示会・出展
県|鹿児島県,【質問への回答を掲載しました】「かごしま黒豚」認知度向上プロモーション業務委託の企画提案の募集について,https://www.pref.kagoshima.jp/ag07/kurobuta_pr02.html,L1,プロモーション
県|鹿児島県,鹿児島県インバウンドプロモーション動画制作業務委託に係る企画提案について,https://www.pref.kagoshima.jp/af08/kaigaiyuchi/dougaseisaku.html,L1,海外展開/プロモーション
県|鹿児島県,【質問への回答を掲載しました】「かごしま黒豚」飲食店連携プロモーション業務委託の企画提案募集について,https://www.pref.kagoshima.jp/ag07/kurobuta_pr01.html,L1,プロモーション
県|鹿児島県,令和８年度鹿児島・屏東県文化芸術交流事業に係る旅行業務委託 入札について,https://www.pref.kagoshima.jp/ab10/heitoukenbunka2026.html,L1,文化・芸術/観光・誘客
県|鹿児島県,【質問への回答を掲載しました】大規模輸出商談会への出展における鹿児島県ブースの設営・管理及び出展事業者へのサポート業務委託に係る公募型プロポーザルの実施について,https://www.pref.kagoshima.jp/ag36/yusyutsu_shodankai2026.html,L1,海外展開/展示会・出展
県|鹿児島県,【質問への回答を掲載しました】「令和８年度鹿児島県バス運賃半額実証キャンペーン（仮称）広報業務」に係る企画提案を募集します,https://www.pref.kagoshima.jp/ac08/bushangaku-koho.html,L1,プロモーション
県|鹿児島県,令和8年度地域観光資源磨き上げ事業（ユニバーサルツーリズム普及事業）業務委託の企画提案の募集について,https://www.pref.kagoshima.jp/af08/kdukuri/reiwa8universaltourism.html,L1,観光・誘客
県|鹿児島県,【質問への回答を掲載】令和8年度奄美群島ユニバーサルツーリズム誘客事業業務委託に係る企画提案の募集について,https://www.pref.kagoshima.jp/aq01/r8universal-tourism.html,L1,観光・誘客
県|鹿児島県,【質問への回答を掲載】令和8年度観光かごしま宿泊者効果測定調査業務に係る企画提案について,https://www.pref.kagoshima.jp/af08/syukuhakukoukakikakuteian.html,L1,観光・誘客
県|鹿児島県,【質問回答掲載】令和8年度広報力向上研修事業業務委託に係る企画提案募集の実施について,https://www.pref.kagoshima.jp/af03/r8kohoryokukenssyu.html,L1,プロモーション
県|鹿児島県,【質問に対する回答を掲載！】「原子力防災広報強化事業」業務委託に係る企画提案を募集します！！！,https://www.pref.kagoshima.jp/aj02/genbokouhou.html,L1,プロモーション
県|鹿児島県,【質問書の回答を掲載しました】令和8年度鹿児島県高度外国人材確保推進事業（インド）業務委託に係る企画提案を募集します,https://www.pref.kagoshima.jp/af21/koudojinzai-india.html,L1,海外展開
県|鹿児島県,【募集終了しました】大隅観光・特産品ＰＲ事業（観光・特産品フェア開催事業）業務委託に係る企画提案を募集します！！,https://www.pref.kagoshima.jp/ao01/oosumifea.html,L1,展示会・出展/工芸・地域産品/観光・誘客
県|鹿児島県,【募集終了しました】大隅観光・特産品PR事業（商談会等開催事業）業務委託に係る企画提案を募集します！！,https://www.pref.kagoshima.jp/ao01/r8_osumi_tokusanhin_shoudankai.html,L1,展示会・出展/工芸・地域産品/観光・誘客/プロモーション
県|鹿児島県,【質問への回答を掲載】「令和８年度小・中学生向け半導体魅力体験ツアー」業務委託の企画提案を募集します,https://www.pref.kagoshima.jp/af03/sangyo-rodo/syoko/shinko/r8-miryokutaiken.html,L1,プロモーション
県|鹿児島県,【質問への回答を掲載】令和8年度ライフプラン・動画等広報業務委託企画募集！！,https://www.pref.kagoshima.jp/ae34/lifeplan/2026dougahosyu.html,L1,プロモーション
県|鹿児島県,県立自然公園満喫周遊スタートアップ支援事業の実施団体募集について,https://www.pref.kagoshima.jp/ad04/startupsien.html,L1,観光・誘客
県|鹿児島県,【募集終了】半導体関連企業人材確保・取引拡大等支援事業（海外展示会出展）業務委託の企画提案を募集します。,https://www.pref.kagoshima.jp/af03/r8semicon_taiwan.html,L1,海外展開/展示会・出展
県|鹿児島県,令和8年度奄美世界自然遺産保全・活用推進事業（持続的観光の推進）業務委託に係る一般競争入札について,https://www.pref.kagoshima.jp/ad13/r8zizoku.html,L1,観光・誘客
県|鹿児島県,【質問書の回答を掲載しました】欧州における商談会等への出展による販路開拓支援等業務委託（令和8年度「かごしま茶」の新たな販路開拓支援事業(かごしま茶「せいめい」研究会の活動支援））の公募について,https://www.pref.kagoshima.jp/ag06/seimei2026.html,L1,展示会・出展
県|鹿児島県,「令和8年度外国人材のための『かごしま』理解促進動画作成業務委託」に係る企画提案を募集します！,https://www.pref.kagoshima.jp/af21/gaikokujinzai-movie-competition.html,L1,海外展開
県|鹿児島県,かごしま材輸出体制整備調査業務に係る公募型プロポーザルの実施について,https://www.pref.kagoshima.jp/ad10/sangyo-rodo/kakouryutu/r8yusyututyousa.html,L1,海外展開
県|鹿児島県,【質問への回答を掲載しました】「令和８年度鹿児島空港国際線アウトバウンドプロモーション業務」に係る企画提案を募集します,https://www.pref.kagoshima.jp/ac08/kagoshima_go_abroad.html,L1,海外展開/プロモーション
県|鹿児島県,「宿泊業における人材確保育成支援事業」に係る一般競争入札について（公告）,https://www.pref.kagoshima.jp/af08/syukuhaku-nyusatsu-info.html,L1,観光・誘客
県|鹿児島県,【質問回答掲載】「種子島の魅力体験 医療・福祉人材キャンプ交流事業業務委託」に係る企画提案を募集します,https://www.pref.kagoshima.jp/ap04/chiiki/kumage/campboshu.html,L1,プロモーション
県|鹿児島県,【質問書への回答を掲載しました】令和8年度「現役学生による『心惹かれる企業』情報発信」業務委託に係る企画提案を募集します,https://www.pref.kagoshima.jp/af23/kigyoumiryoku2026.html,L1,プロモーション
県|鹿児島県,【質問回答（更新）掲載しました】令和７年度鹿児島・シンガポール 文化芸術交流事業に係る旅行業務委託 入札について,https://www.pref.kagoshima.jp/ab10/r7singapolu.html,L1,文化・芸術/観光・誘客
県|鹿児島県,【質問回答掲載しました】「明治日本の産業革命遺産」県内構成資産のプロモーション促進事業業務委託に係る企画提案を募集します！,https://www.pref.kagoshima.jp/ac02/promotion/images/sekaibunnkaisannpuromotion.html,L1,プロモーション
県|鹿児島県,【質問への回答を掲載しました】「南の宝箱 鹿児島」観光周遊キャンペーン企画運営業務委託の企画提案の募集について,https://www.pref.kagoshima.jp/af08/kankou/kankou-shuyu.html,L1,観光・誘客
県|鹿児島県,鹿児島県世界文化遺産地域通訳案内士フォローアップ事業業務委託に係る企画提案を募集します！,https://www.pref.kagoshima.jp/ac02/fu.html,L1,文化・芸術
県|鹿児島県,【質問への回答を掲載しました】新たな輸出先国への規制対応に向けた調査・実証業務委託公募型プロポーザルの実施について,https://www.pref.kagoshima.jp/ag36/yushutu_2025_america2.html,L1,海外展開
県|鹿児島県,東京食肉市場まつり2025PR資材作成業務委託に係る一般競争入札について（公告）,https://www.pref.kagoshima.jp/ag07/tokyo2025pr.html,L1,プロモーション
県|鹿児島県,｢鹿児島県スタートアップエコシステム海外研修(米国シリコンバレー)｣旅行等手配業務委託,https://www.pref.kagoshima.jp/af22/kagoshimakenstartupecoryokougyoumu.html,L1,海外展開/観光・誘客
県|鹿児島県,令和8年度県立自然公園満喫周遊マップ作成業務委託事業者の募集について,https://www.pref.kagoshima.jp/ad04/syuyumap07.html,L1,観光・誘客
県|鹿児島県,【質問への回答を掲載】SHOCHU「伝統的酒造り」PR多言語動画作成業務委託の企画提案について,https://www.pref.kagoshima.jp/af07/shochu/dougasakusei.html,L1,工芸・地域産品/プロモーション
県|鹿児島県,【質問への回答を掲載】「令和７年度小・中学生向け半導体魅力体験ツアー」業務委託の企画提案を募集します,https://www.pref.kagoshima.jp/af03/r7handoutai_miryokutaiken.html,L1,プロモーション
県|鹿児島県,GFP鹿児島による輸出に意欲的な生産者への伴走支援業務委託公募型プロポーザルの実施について,https://www.pref.kagoshima.jp/ag36/yusyutsu_gfp2026.html,L1,海外展開
県|鹿児島県,令和8年度「県職員の受験者確保のために実施する広報活動等の企画・運営業務委託」の企画提案を募集します！,https://www.pref.kagoshima.jp/ca01/kensei/saiyo/koho/kikakucompe7-2.html,L1,プロモーション
県|鹿児島県,令和７年国勢調査広報業務委託に係る企画提案競技の実施について,https://www.pref.kagoshima.jp/ac09/r7/r7kokutyou-kouhouitakukoubo.html,L1,プロモーション
県|鹿児島県,国内在住外国人等インフルエンサーを活用した欧米豪市場向け情報発信業務委託に係る企画提案について,https://www.pref.kagoshima.jp/af08/kaigaiyuchi/influencer/001.html,L1,海外展開/プロモーション
県|鹿児島県,【質問回答掲載しました】世界文化遺産「明治日本の産業革命遺産」登録10周年記念Instagram投稿キャンペーン事業業務委託に係る企画提案募集について,https://www.pref.kagoshima.jp/ac02/event/documents/instakyanpen.html,L1,文化・芸術
県|鹿児島県,【質問回答掲載しました】「観光地域体制強化支援事業業務委託」に係る公募型プロポーザルの実施について,https://www.pref.kagoshima.jp/af08/kdukuri/r7dmo.html,L1,観光・誘客
県|鹿児島県,「第27回全国農業担い手サミットinかごしま」宿泊輸送等業務委託公募型プロポーザルの実施について,https://www.pref.kagoshima.jp/ag05/summitnyuusatsuyusou.html,L1,観光・誘客
県|鹿児島県,「第27回全国農業担い手サミットinかごしま」会場設営等業務委託公募型プロポーザルの実施について,https://www.pref.kagoshima.jp/ag05/summitnyuusatsukaijou.html,L1,展示会・出展
県|鹿児島県,鹿児島の「推し食材」プロモーション事業業務に係る企画提案について,https://www.pref.kagoshima.jp/af07/koukeishaikusei/documents/oshisyokuzai.html,L1,プロモーション
県|鹿児島県,「台湾屏東県訪問事業」旅行等手配業務委託,https://www.pref.kagoshima.jp/af09/taiwan/heitoken2024.html,L1,観光・誘客
県|鹿児島県,「鹿児島県職員紹介パンフレット・PR動画等作成業務委託」の企画提案を募集します！,https://www.pref.kagoshima.jp/ca01/kensei/saiyo/koho/kikakukonper7-sogoannai.html,L1,プロモーション
県|鹿児島県,【事業者向けページ】「鹿児島県産和牛プレミアムキャンペーン」への参画店舗募集,https://www.pref.kagoshima.jp/ag07/premium-campaign_zigyoshayou.html,L2,工芸・地域産品
県|鹿児島県,【募集は終了しました】「明治日本の産業革命遺産」県内構成資産プロモーション促進事業業務委託に係る企画提案を募集します!,https://www.pref.kagoshima.jp/ac02/promotion/promotion_2026.html,L2,プロモーション
県|鹿児島県,令和8年度「かごしま青少年海外研修事業（台北）」の参加者を募集します（今年度の受付は終了しました）,https://www.pref.kagoshima.jp/ab14/kaigaikennsyuu/r8-sannkasyabousyuu.html,L2,海外展開
県|鹿児島県,【出展事業者募集】「食の宝庫」おおすみ特産品商談会2026を開催いたします！,https://www.pref.kagoshima.jp/ao01/osumi_tokusanhin_shoudankai.html,L2,展示会・出展/工芸・地域産品
県|鹿児島県,令和7年度志布志港・川内港輸出入促進トライアル事業の募集開始について,https://www.pref.kagoshima.jp/ah09/trial/trialtop.html,L2,海外展開
県|沖縄県,大型MICE施設受入環境整備に伴う都市計画資料作成等業務(R8),https://www.pref.okinawa.jp/shigoto/nyusatsukeiyaku/1015342/1025081/1037588/1039898.html,L1,観光・誘客
県|沖縄県,「令和8年度観光2次交通結節点（北谷ゲートウェイ）基本構想策定業務」 に係る企画提案募集,https://www.pref.okinawa.jp/shigoto/nyusatsukeiyaku/1015342/1025074/1037587/1040969.html,L1,観光・誘客
県|沖縄県,R8本部港国際旅客施設・緑地整備検討業務の企画プロポーザル,https://www.pref.okinawa.jp/shigoto/nyusatsukeiyaku/1015342/1025074/1037587/1040819.html,L1,海外展開
県|沖縄県,令和8年度 国際平和研究機構（仮称）設置検討支援業務 企画提案公募,https://www.pref.okinawa.jp/shigoto/nyusatsukeiyaku/1015342/1025074/1037587/1039539.html,L1,海外展開
県|沖縄県,令和8年度 沖縄県大型MICE施設整備運営等事業に関する事業者募集資料作成業務,https://www.pref.okinawa.jp/shigoto/nyusatsukeiyaku/1015342/1025074/1037587/1039457.html,L1,観光・誘客
外郭|北海道,2026年度海外出願支援事業募集要項,https://www.hsc.or.jp/hsc_wp/wp-content/uploads/2026/08/2026_kaigaisyutugan_2nd2.pdf,L1,海外展開
外郭|北海道,受注企業募集のご案内_ほっかいどう受発注拡大商談会2026,https://www.hsc.or.jp/hsc_wp/wp-content/uploads/2026/07/a5129f008ad3722ef02e2eccd9887dbc.pdf,L1,展示会・出展
外郭|北海道,ほっかいどう受発注拡大商談会2026_発注企業募集のご案内,https://www.hsc.or.jp/hsc_wp/wp-content/uploads/2026/07/986baf90cd159ff7f323efc25dd5ba0d.pdf,L1,展示会・出展
外郭|北海道,2026.08.21補助金・助成金2026年度「海外出願支援事業」2次募集開始のご案内（募集期間を延長しました）詳しく見る,https://www.hsc.or.jp/news/kaigaisyutugan2026_2nd/,L2,海外展開
外郭|北海道,2026.08.06セミナー・イベント「ほっかいどう受発注拡大商談会2026」受注企業募集のご案内詳しく見る,https://www.hsc.or.jp/news/2026syoudankai_bosyu2/,L2,展示会・出展
外郭|北海道,2026.07.01セミナー・イベント「ほっかいどう受発注拡大商談会2026」発注企業募集のご案内詳しく見る,https://www.hsc.or.jp/news/2026syoudankai_bosyu1/,L2,展示会・出展
外郭|福井,2026.06.22 補助金 公募情報 募集終了 【7／31（金）締切】令和８年度 海外出願支援事業 2次公募開始のお知らせ,https://www.fisc.jp/offering/consult/2026/06/176516/,L2,海外展開
外郭|福井,2026.06.22 補助金 募集終了 【7／31（金）締切】令和８年度 海外出願支援事業 2次公募開始のお知らせ,https://www.fisc.jp/offering/consult/2026/06/176516/,L2,海外展開
外郭|青森,2026年08月27日 トピックス 「第１回原子力関連ビジネスフェア」県内参加企業(受注側)募集について（青森県原子力立地対策課）,https://www.21aomori.or.jp/topics/36747,L2,展示会・出展
外郭|青森,セミナー・イベント案内 2026年08月27日 「第１回原子力関連ビジネスフェア」県内参加企業(受注側)募集について（青森県原子力立地対策課）,https://www.21aomori.or.jp/topics/36747,L2,展示会・出展
外郭|青森,【むつ市】 「第１回原子力関連ビジネスフェア」県内参加企業(受注側)募集について（青森県原子力立地対策課） 開催日 令和８年１１月１１日 開催場所 プラザホテルむつ(むつ市下北町2-46),https://www.21aomori.or.jp/topics/36747,L2,展示会・出展
外郭|滋賀,岐阜・滋賀・三重「モノづくり商談会 in GIFU」受注企業を募集しています！,https://www.shigaplaza.or.jp/news/shodan-hanro-261203-1211/,L1,展示会・出展
外郭|滋賀,『しがビジネスマッチング』（個別商談会）の武井電機工業株式会社（佐賀県）【受注企業を募集します！】,https://www.shigaplaza.or.jp/news/shodan-hanro-250929-1010/,L1,展示会・出展
外郭|滋賀,『しがビジネスマッチング』（個別商談会）発注企業6社の【受注企業を募集します！】,https://www.shigaplaza.or.jp/news/shodan-hanro-250926-1003/,L1,展示会・出展
外郭|滋賀,三重・岐阜・滋賀「モノづくり商談会 in MIE」受注企業を募集しています！9月2日まで延長します,https://www.shigaplaza.or.jp/news/shodan-hanro-251204-1211/,L1,展示会・出展
外郭|滋賀,【9月・10月開催】しがビジネスマッチング（個別商談会）【発注企業募集】,https://www.shigaplaza.or.jp/news/shodan-hanro-250801/,L1,展示会・出展
外郭|滋賀,【5月・6月開催】しがビジネスマッチング（個別商談会）【発注企業募集】,https://www.shigaplaza.or.jp/news/shodan-hanro-250425/,L1,展示会・出展
外郭|滋賀,滋賀・三重・岐阜「モノづくり商談会inSHIGA」【発注企業募集】,https://www.shigaplaza.or.jp/news/shodan-hanro-241205-1220/,L1,展示会・出展
外郭|滋賀,【5月・６月開催】しがビジネスマッチング（個別商談会）【発注企業募集】,https://www.shigaplaza.or.jp/news/shodan-hanro-2405-06/,L1,展示会・出展
外郭|岩手,海外出願支援事業 公募要領,https://www.joho-iwate.or.jp/wp/assets/uploads/2025/05/r8kouboyoryo.pdf,L1,海外展開
外郭|京都,-京都ビジネス交流フェア2027-「グローバルテクノロジー京都展」出展者募集,https://www.ki21.jp/informations/bp2027syutten/,L1,海外展開/展示会・出展
外郭|京都,【お知らせ】西日本合同広域商談会2027 参加発注企業の募集を開始しました,https://www.ki21.jp/informations/%e3%80%90%e3%81%8a%e7%9f%a5%e3%82%89%e3%81%9b%e3%80%91%e8%a5%bf%e6%97%a5%e6%9c%ac%e5%90%88%e5%90%8c%e5%ba%83%e5%9f%9f%e5%95%86%e8%ab%87%e4%bc%9a2027-%e5%8f%82%e5%8a%a0%e7%99%ba%e6%b3%a8%e4%bc%81/,L1,展示会・出展
外郭|京都,令和８年度 Kyoto Japan 海外戦略プロジェクト 「京もの」海外テスト販売事業 出品事業者の募集について,https://www.ki21.jp/informations/%e4%bb%a4%e5%92%8c%ef%bc%98%e5%b9%b4%e5%ba%a6-kyoto-japan-%e6%b5%b7%e5%a4%96%e6%88%a6%e7%95%a5%e3%83%97%e3%83%ad%e3%82%b8%e3%82%a7%e3%82%af%e3%83%88-%e3%80%8c%e4%ba%ac%e3%82%82%e3%81%ae%e3%80%8d/,L1,海外展開
外郭|京都,令和8（2026）年度広報に係る取材業務および「クリエイティブ京都M＆T」2027年号発行に係る編集・印刷・製本業務に係る公募型プロポーザル審査について,https://www.ki21.jp/informations/2026clkoubokekka/,L1,プロモーション
外郭|京都,伝統産業事業者の海外展開戦略検討へ向けた海外テストマーケティング等業務に係る公募型プロポーザルの実施について終了,https://www.ki21.jp/informations/densan-kaigai/,L1,海外展開/工芸・地域産品
外郭|京都,"伝統産業事業者の海外展開戦略検討へ向けた海外テストマーケティング等業務に係る公募型プロポーザルの実施について<span class=""icon closed"">終了</span>",https://www.ki21.jp/informations/densan-kaigai/,L1,海外展開/工芸・地域産品
外郭|京都,令和８（2026）年度広報に係る取材業務および「クリエイティブ京都Ｍ＆Ｔ」 2027年号発行に係る編集・印刷・製本業務の委託先公募について,https://www.ki21.jp/wordpress/wp-content/uploads/2026/07/R8CLKoubo.pdf,L1,プロモーション
外郭|京都,「IMTEX 2027」 KYOTOブース（インド・ベンガルール）出展者募集,https://www.ki21.jp/matching/exhibition/imtex2027/,L1,展示会・出展
外郭|京都,第55回 国際ホテル・レストランショー KYOTOブース 共同出展企業募集,https://www.ki21.jp/matching/exhibition/hoteresu2027/,L1,海外展開/展示会・出展
外郭|京都,-京都ビジネス交流フェア2027-「グローバルテクノロジー京都展」開催業務に係る公募型プロポーザルの実施について終了,https://www.ki21.jp/informations/%e4%ba%ac%e9%83%bd%e3%83%93%e3%82%b8%e3%83%8d%e3%82%b9%e4%ba%a4%e6%b5%81%e3%83%95%e3%82%a7%e3%82%a22027/,L1,海外展開/展示会・出展
外郭|京都,"-京都ビジネス交流フェア2027-「グローバルテクノロジー京都展」開催業務に係る公募型プロポーザルの実施について<span class=""icon closed"">終了</span>",https://www.ki21.jp/informations/%e4%ba%ac%e9%83%bd%e3%83%93%e3%82%b8%e3%83%8d%e3%82%b9%e4%ba%a4%e6%b5%81%e3%83%95%e3%82%a7%e3%82%a22027/,L1,海外展開/展示会・出展
外郭|京都,「SEMICON Japan 2026」京都パビリオン府内共同出展企業募集について終了,https://www.ki21.jp/?post_type=startup&amp;p=45433&amp;preview=true,L1,展示会・出展
外郭|京都,"「SEMICON Japan 2026」京都パビリオン府内共同出展企業募集について<span class=""icon closed"">終了</span>",https://www.ki21.jp/?post_type=startup&amp;p=45433&amp;preview=true,L1,展示会・出展
外郭|京都,モノづくりフェア2026(福岡開催) 京都ブースの共同出展企業募集について終了,https://www.ki21.jp/matching/exhibition/monodukuri2026/,L1,展示会・出展
外郭|京都,"モノづくりフェア2026(福岡開催) 京都ブースの共同出展企業募集について<span class=""icon closed"">終了</span>",https://www.ki21.jp/matching/exhibition/monodukuri2026/,L1,展示会・出展
外郭|京都,「SEMICON Japan 2026 京都パビリオン」装飾等業務 公募型プロポーザル審査による事業者選定について終了,https://www.ki21.jp/?post_type=startup&amp;p=45181&amp;preview=true,L1,展示会・出展
外郭|京都,"「SEMICON Japan 2026 京都パビリオン」装飾等業務 公募型プロポーザル審査による事業者選定について<span class=""icon closed"">終了</span>",https://www.ki21.jp/?post_type=startup&amp;p=45181&amp;preview=true,L1,展示会・出展
外郭|京都,川崎重工業株式会社 事業・ニーズ説明会＆個別商談会 参加企業募集のご案内終了,https://www.ki21.jp/matching/exhibition/kobetu_shodankai2026/,L1,展示会・出展
外郭|京都,"川崎重工業株式会社 事業・ニーズ説明会＆個別商談会 参加企業募集のご案内<span class=""icon closed"">終了</span>",https://www.ki21.jp/matching/exhibition/kobetu_shodankai2026/,L1,展示会・出展
外郭|京都,「EMIDASものづくり商談会2026」(ベトナム・ハノイ)KYOTOブース出展者募集終了,https://www.ki21.jp/matching/exhibition/emidas2026/,L1,展示会・出展/工芸・地域産品
外郭|京都,"「EMIDASものづくり商談会2026」(ベトナム・ハノイ)KYOTOブース出展者募集<span class=""icon closed"">終了</span>",https://www.ki21.jp/matching/exhibition/emidas2026/,L1,展示会・出展/工芸・地域産品
外郭|京都,『第3回 東京インターナショナルギフト・ショーinソウル』 KYOTOブース 共同出展企業募集終了,https://www.ki21.jp/matching/exhibition/korea2026/,L1,展示会・出展
外郭|京都,"『第3回 東京インターナショナルギフト・ショーinソウル』 KYOTOブース 共同出展企業募集<span class=""icon closed"">終了</span>",https://www.ki21.jp/matching/exhibition/korea2026/,L1,展示会・出展
外郭|京都,令和８年度 中小企業等海外展開支援事業費補助金（海外出願支援事業）公募のお知らせ終了,https://www.ki21.jp/subsidy/kobo-r8-gksg/,L1,海外展開
外郭|京都,"令和８年度 中小企業等海外展開支援事業費補助金（海外出願支援事業）公募のお知らせ<span class=""icon closed"">終了</span>",https://www.ki21.jp/subsidy/kobo-r8-gksg/,L1,海外展開
外郭|京都,「SEMICON Taiwan 2026」KYOTOパビリオン府内共同出展企業募集について終了,https://www.ki21.jp/?post_type=startup&amp;p=43472&amp;preview=true,L1,展示会・出展
外郭|京都,"「SEMICON Taiwan 2026」KYOTOパビリオン府内共同出展企業募集について<span class=""icon closed"">終了</span>",https://www.ki21.jp/?post_type=startup&amp;p=43472&amp;preview=true,L1,展示会・出展
外郭|京都,「SEMICON Taiwan 2026 KYOTOパビリオン」装飾等業務 公募型プロポーザル審査による事業者選定について終了,https://www.ki21.jp/?post_type=startup&amp;p=37649&amp;preview=true,L1,展示会・出展
外郭|京都,公益財団法人京都産業２１ 令和８年度 京都府よろず支援拠点 相談ブース用パネル等のレンタルに係る事業者公募について終了,https://www.ki21.jp/informations/yorozu20260318-panel/,L1,展示会・出展
外郭|京都,"公益財団法人京都産業２１ 令和８年度 京都府よろず支援拠点 相談ブース用パネル等のレンタルに係る事業者公募について<span class=""icon closed"">終了</span>",https://www.ki21.jp/informations/yorozu20260318-panel/,L1,展示会・出展
外郭|京都,【出展企業募集】「Medtec Japan 2026」京都産業21での共同出展について終了,https://www.ki21.jp/wordpress/wp-content/uploads/2021/09/2026_medtec_bosyuyoukou-2.pdf,L1,展示会・出展
外郭|京都,"【出展企業募集】「Medtec Japan 2026」京都産業21での共同出展について<span class=""icon closed"">終了</span>",https://www.ki21.jp/wordpress/wp-content/uploads/2021/09/2026_medtec_bosyuyoukou-2.pdf,L1,展示会・出展
外郭|京都,【お知らせ】西日本合同広域商談会（旧：関西・四国合同広域商談会）受注企業募集開始のお知らせ終了,https://www.ki21.jp/bpshoudankai/,L1,展示会・出展
外郭|京都,"【お知らせ】西日本合同広域商談会（旧：関西・四国合同広域商談会）受注企業募集開始のお知らせ<span class=""icon closed"">終了</span>",https://www.ki21.jp/bpshoudankai/,L1,展示会・出展
外郭|京都,令和7年度 中東市場における京都府内産品のプロモーション及びマーケティングリサーチ業務に係る公募型プロポーザルの実施について終了,https://www.ki21.jp/informations/r7chuto/,L1,工芸・地域産品/プロモーション
外郭|京都,参加者募集「光電融合に必要なデバイスと要素技術」 第４回AI時代に向けたものづくり産業成長戦略サロン終了,https://www.ki21.jp/startup/semiconductor-04kyoutosaron/,L1,工芸・地域産品
外郭|京都,"参加者募集「光電融合に必要なデバイスと要素技術」 第４回AI時代に向けたものづくり産業成長戦略サロン<span class=""icon closed"">終了</span>",https://www.ki21.jp/startup/semiconductor-04kyoutosaron/,L1,工芸・地域産品
外郭|京都,【参加者募集】ATVK博覧会 ビジネス交流博終了,https://atvk.kyoto/events/event/2201/,L1,展示会・出展
外郭|京都,"【参加者募集】ATVK博覧会 ビジネス交流博<span class=""icon closed"">終了</span>",https://atvk.kyoto/events/event/2201/,L1,展示会・出展
外郭|京都,令和７年度広報誌「クリエイティブ京都Ｍ＆Ｔ」２０２６号 発行に係る封入及び発送業務の募集について,https://www.ki21.jp/informations/koubo20260916/,L1,プロモーション
外郭|京都,「SEMICON Japan 2025」KYOTOパビリオン共同出展企業募集について終了,https://www.ki21.jp/informations/semiconjapan2025bosyu/,L1,展示会・出展
外郭|京都,"「SEMICON Japan 2025」KYOTOパビリオン共同出展企業募集について<span class=""icon closed"">終了</span>",https://www.ki21.jp/informations/semiconjapan2025bosyu/,L1,展示会・出展
外郭|京都,-京都ビジネス交流フェア2026-「京都発・グローバルニッチ戦略展」展示会場装飾及び印刷物作成等の業務に係る公募型プロポーザルに対する質問の回答について終了,https://www.ki21.jp/informations/%e4%ba%ac%e9%83%bd%e3%83%93%e3%82%b8%e3%83%8d%e3%82%b9%e4%ba%a4%e6%b5%81%e3%83%95%e3%82%a7%e3%82%a22026-%e3%80%8c%e4%ba%ac%e9%83%bd%e7%99%ba%e3%83%bb%e3%82%b0%e3%83%ad%e3%83%bc%e3%83%90%e3%83%ab/,L1,海外展開/展示会・出展
外郭|京都,【ATVK入居企業】マクセル主催 アート＆テクノロジーアワード 第2弾「クセがあるアワード：塗」募集を開始終了,https://atvk.kyoto/2073/,L1,文化・芸術
外郭|京都,"【ATVK入居企業】マクセル主催 アート＆テクノロジーアワード 第2弾「クセがあるアワード：塗」募集を開始<span class=""icon closed"">終了</span>",https://atvk.kyoto/2073/,L1,文化・芸術
外郭|京都,【ATVK】京都インクルーシブ国際音楽祭 楽曲募集終了,https://atvk.kyoto/2015/,L1,海外展開/文化・芸術
外郭|京都,"【ATVK】京都インクルーシブ国際音楽祭 楽曲募集<span class=""icon closed"">終了</span>",https://atvk.kyoto/2015/,L1,海外展開/文化・芸術
外郭|京都,-京都ビジネス交流フェア2026-「京都発・グローバルニッチ戦略展」開催業務に係る公募型プロポーザルの実施について終了,https://www.ki21.jp/informations/%e4%ba%ac%e9%83%bd%e3%83%93%e3%82%b8%e3%83%8d%e3%82%b9%e4%ba%a4%e6%b5%81%e3%83%95%e3%82%a7%e3%82%a22026-%e3%80%8c%e4%ba%ac%e9%83%bd%e7%99%ba%e3%83%bb%e3%82%b0%e3%83%ad%e3%83%bc%e3%83%90%e3%83%ab-2/,L1,海外展開/展示会・出展
外郭|京都,"-京都ビジネス交流フェア2026-「京都発・グローバルニッチ戦略展」開催業務に係る公募型プロポーザルの実施について<span class=""icon closed"">終了</span>",https://www.ki21.jp/informations/%e4%ba%ac%e9%83%bd%e3%83%93%e3%82%b8%e3%83%8d%e3%82%b9%e4%ba%a4%e6%b5%81%e3%83%95%e3%82%a7%e3%82%a22026-%e3%80%8c%e4%ba%ac%e9%83%bd%e7%99%ba%e3%83%bb%e3%82%b0%e3%83%ad%e3%83%bc%e3%83%90%e3%83%ab-2/,L1,海外展開/展示会・出展
外郭|京都,-京都ビジネス交流フェア2026-「京都発・グローバルニッチ戦略展」出展者募集終了,https://www.ki21.jp/informations/bp2026/,L1,海外展開/展示会・出展
外郭|京都,"-京都ビジネス交流フェア2026-「京都発・グローバルニッチ戦略展」出展者募集<span class=""icon closed"">終了</span>",https://www.ki21.jp/informations/bp2026/,L1,海外展開/展示会・出展
外郭|京都,令和７年度広報に係る取材業務および「クリエイティブ京都Ｍ＆Ｔ」発行に係る 編集・印刷・製本業務の請負先公募について終了,https://www.ki21.jp/wordpress/wp-content/uploads/2025/07/R7_koubo.pdf,L1,プロモーション
外郭|京都,"令和７年度広報に係る取材業務および「クリエイティブ京都Ｍ＆Ｔ」発行に係る 編集・印刷・製本業務の請負先公募について<span class=""icon closed"">終了</span>",https://www.ki21.jp/wordpress/wp-content/uploads/2025/07/R7_koubo.pdf,L1,プロモーション
外郭|京都,京都工業会主催（京都産業21共催）「外国人材採用研究会（エンジニア編）」 参加事業者募集終了,https://www.kyokogyo.or.jp/seminar_detail.php?id=604 ,L1,海外展開
外郭|京都,"京都工業会主催（京都産業21共催）「外国人材採用研究会（エンジニア編）」 参加事業者募集<span class=""icon closed"">終了</span>",https://www.kyokogyo.or.jp/seminar_detail.php?id=604 ,L1,海外展開
外郭|京都,モノづくりフェア2025(福岡開催) 京都ブースの共同出展企業募集について終了,https://www.ki21.jp/matching/exhibition/monodukuri2025/,L1,展示会・出展
外郭|京都,"モノづくりフェア2025(福岡開催) 京都ブースの共同出展企業募集について<span class=""icon closed"">終了</span>",https://www.ki21.jp/matching/exhibition/monodukuri2025/,L1,展示会・出展
外郭|京都,第54回 国際ホテル・レストランショー KYOTOブース 共同出展企業募集終了,https://www.ki21.jp/matching/exhibition/54hoteresu/,L1,海外展開/展示会・出展
外郭|京都,"第54回 国際ホテル・レストランショー KYOTOブース 共同出展企業募集<span class=""icon closed"">終了</span>",https://www.ki21.jp/matching/exhibition/54hoteresu/,L1,海外展開/展示会・出展
外郭|京都,「SEMICON TAIWAN 2025 京都パビリオン」装飾等業務 公募型プロポーザル審査による事業者選定について終了,https://www.ki21.jp/informations/semitaiwansousyokukoubo0519-2/,L1,展示会・出展
外郭|京都,"「SEMICON TAIWAN 2025 京都パビリオン」装飾等業務 公募型プロポーザル審査による事業者選定について<span class=""icon closed"">終了</span>",https://www.ki21.jp/informations/semitaiwansousyokukoubo0519-2/,L1,展示会・出展
外郭|京都,「NEPCON ASIA 2025」 KYOTOブース（深圳）出展者募集終了,https://www.ki21.jp/matching/exhibition/nepconasia2025/,L1,展示会・出展
外郭|京都,"「NEPCON ASIA 2025」 KYOTOブース（深圳）出展者募集<span class=""icon closed"">終了</span>",https://www.ki21.jp/matching/exhibition/nepconasia2025/,L1,展示会・出展
外郭|京都,AI時代に向けたものづくり産業振興戦略フォーラム ～セミコンフォーラム～ 参加者募集終了,https://www.ki21.jp/startup/semiconductor/20250610_japan/,L1,工芸・地域産品
外郭|京都,"AI時代に向けたものづくり産業振興戦略フォーラム ～セミコンフォーラム～ 参加者募集<span class=""icon closed"">終了</span>",https://www.ki21.jp/startup/semiconductor/20250610_japan/,L1,工芸・地域産品
外郭|京都,令和７年度 共創型ものづくり等支援事業補助金 募集開始のお知らせ終了,https://www.ki21.jp/subsidy/kobo-r7-kyousou/,L1,工芸・地域産品
外郭|京都,"令和７年度 共創型ものづくり等支援事業補助金 募集開始のお知らせ<span class=""icon closed"">終了</span>",https://www.ki21.jp/subsidy/kobo-r7-kyousou/,L1,工芸・地域産品
外郭|京都,令和７年度 中小企業等海外展開支援事業費補助金（海外出願支援事業）公募のお知らせ終了,https://www.ki21.jp/subsidy/kobo-r7-gksg/,L1,海外展開
外郭|京都,"令和７年度 中小企業等海外展開支援事業費補助金（海外出願支援事業）公募のお知らせ<span class=""icon closed"">終了</span>",https://www.ki21.jp/subsidy/kobo-r7-gksg/,L1,海外展開
外郭|京都,METALEX VIETNAM 2025 KYOTOブース 出展者募集終了,https://www.ki21.jp/matching/exhibition/metalex2025/,L1,展示会・出展
外郭|京都,"METALEX VIETNAM 2025 KYOTOブース 出展者募集<span class=""icon closed"">終了</span>",https://www.ki21.jp/matching/exhibition/metalex2025/,L1,展示会・出展
外郭|京都,京都ビジネス交流フェア２０２５」開催案内発送業務について終了,https://www.ki21.jp/wordpress/wp-content/uploads/2024/12/DMmitsumori_shipping.pdf,L1,展示会・出展
外郭|京都,"京都ビジネス交流フェア２０２５」開催案内発送業務について<span class=""icon closed"">終了</span>",https://www.ki21.jp/wordpress/wp-content/uploads/2024/12/DMmitsumori_shipping.pdf,L1,展示会・出展
外郭|京都,「SXSW 2025 京都パビリオン」装飾等業務 公募型プロポーザル審査による事業者選定について終了,https://www.ki21.jp/informations/sxsw2025kyotososyoku/,L1,展示会・出展
外郭|京都,"「SXSW 2025 京都パビリオン」装飾等業務 公募型プロポーザル審査による事業者選定について<span class=""icon closed"">終了</span>",https://www.ki21.jp/informations/sxsw2025kyotososyoku/,L1,展示会・出展
外郭|京都,【お知らせ】関西・四国合同広域商談会2025 参加受注企業の募集を開始しました終了,https://www.ki21.jp/bpshoudankai/,L1,展示会・出展
外郭|京都,"【お知らせ】関西・四国合同広域商談会2025 参加受注企業の募集を開始しました<span class=""icon closed"">終了</span>",https://www.ki21.jp/bpshoudankai/,L1,展示会・出展
外郭|京都,令和６年度広報誌「クリエイティブ京都Ｍ＆Ｔ」年1回発行号 発行に係る封入及び発送業務の募集について終了,https://www.ki21.jp/informations/%e4%bb%a4%e5%92%8c%ef%bc%96%e5%b9%b4%e5%ba%a6%e5%ba%83%e5%a0%b1%e8%aa%8c%e3%80%8c%e3%82%af%e3%83%aa%e3%82%a8%e3%82%a4%e3%83%86%e3%82%a3%e3%83%96%e4%ba%ac%e9%83%bd%ef%bd%8d%ef%bc%86%ef%bd%94%e3%80%8d/,L1,プロモーション
外郭|京都,"令和６年度広報誌「クリエイティブ京都Ｍ＆Ｔ」年1回発行号 発行に係る封入及び発送業務の募集について<span class=""icon closed"">終了</span>",https://www.ki21.jp/informations/%e4%bb%a4%e5%92%8c%ef%bc%96%e5%b9%b4%e5%ba%a6%e5%ba%83%e5%a0%b1%e8%aa%8c%e3%80%8c%e3%82%af%e3%83%aa%e3%82%a8%e3%82%a4%e3%83%86%e3%82%a3%e3%83%96%e4%ba%ac%e9%83%bd%ef%bd%8d%ef%bc%86%ef%bd%94%e3%80%8d/,L1,プロモーション
外郭|京都,「第54回 国際ホテル・レストランショー」 KYOTOブースの装飾業務に係る公募型プロポーザル審査の実施について終了,https://www.ki21.jp/informations/hoteresu-sousoku/,L1,海外展開/展示会・出展
外郭|京都,"「第54回 国際ホテル・レストランショー」 KYOTOブースの装飾業務に係る公募型プロポーザル審査の実施について<span class=""icon closed"">終了</span>",https://www.ki21.jp/informations/hoteresu-sousoku/,L1,海外展開/展示会・出展
外郭|京都,【来場者募集中!】京都スマートシティエキスポ2024／京都フードテックエキスポ2024／けいはんなビジネスメッセ2024開催！(10/3-4)終了,http://kick.kyoto/news/20240913-2919.html/,L1,展示会・出展/プロモーション
外郭|京都,【9/19〆切】関西・四国合同広域商談会2025参加発注企業 募集受付中！終了,https://www.ki21.jp/matching/exhibition/shodankai/shodankai/2025hacchu/,L1,展示会・出展
外郭|京都,"【9/19〆切】関西・四国合同広域商談会2025参加発注企業 募集受付中！<span class=""icon closed"">終了</span>",https://www.ki21.jp/matching/exhibition/shodankai/shodankai/2025hacchu/,L1,展示会・出展
外郭|京都,【お知らせ】『関西・四国合同広域商談会2025』 参加発注企業の募集をスタートしました！終了,https://www.ki21.jp/matching/exhibition/shodankai/shodankai/2025hacchu/,L1,展示会・出展
外郭|京都,"【お知らせ】『関西・四国合同広域商談会2025』 参加発注企業の募集をスタートしました！<span class=""icon closed"">終了</span>",https://www.ki21.jp/matching/exhibition/shodankai/shodankai/2025hacchu/,L1,展示会・出展
外郭|京都,「JAPAN TRADE EXHIBITION IN DUBAI 2025」における京都ブース設置・運営等業務 公募型プロポーザル審査の選定結果について終了,https://www.ki21.jp/informations/japan-trade-exhibition-in-dubai-2025/,L1,展示会・出展
外郭|京都,令和6年度広報に係る取材業務および「クリエイティブ京都Ｍ＆Ｔ」発行に係る 編集・印刷・製本業務の請負先公募について終了,https://www.ki21.jp/informations/r6kouhoukoubo/,L1,プロモーション
外郭|京都,"令和6年度広報に係る取材業務および「クリエイティブ京都Ｍ＆Ｔ」発行に係る 編集・印刷・製本業務の請負先公募について<span class=""icon closed"">終了</span>",https://www.ki21.jp/informations/r6kouhoukoubo/,L1,プロモーション
外郭|京都,『第１回 東京インターナショナルギフト・ショーinソウル』 KYOTOブース 共同出展企業募集終了,https://www.ki21.jp/matching/exhibition/seoul/,L1,展示会・出展
外郭|京都,"『第１回 東京インターナショナルギフト・ショーinソウル』 KYOTOブース 共同出展企業募集<span class=""icon closed"">終了</span>",https://www.ki21.jp/matching/exhibition/seoul/,L1,展示会・出展
外郭|京都,『関西四国合同広域商談会2025』発注企業募集案内資料の発送業務に係る公募について終了,https://www.ki21.jp/wordpress/wp-content/uploads/2024/07/797db5d5dd56f0fcd3245419892acc2d.pdf,L1,展示会・出展
外郭|京都,"『関西四国合同広域商談会2025』発注企業募集案内資料の発送業務に係る公募について<span class=""icon closed"">終了</span>",https://www.ki21.jp/wordpress/wp-content/uploads/2024/07/797db5d5dd56f0fcd3245419892acc2d.pdf,L1,展示会・出展
外郭|京都,「京都ビジネス交流フェア2025」出展企業募集について終了,https://www.ki21.jp/informations/bp2025_shuttenboshu/,L1,展示会・出展
外郭|京都,"「京都ビジネス交流フェア2025」出展企業募集について<span class=""icon closed"">終了</span>",https://www.ki21.jp/informations/bp2025_shuttenboshu/,L1,展示会・出展
外郭|京都,「京都ビジネス交流フェア2025」開催業務に係る公募型プロポーザルの実施について終了,https://www.ki21.jp/informations/bp2025_proposal/,L1,展示会・出展
外郭|京都,"「京都ビジネス交流フェア2025」開催業務に係る公募型プロポーザルの実施について<span class=""icon closed"">終了</span>",https://www.ki21.jp/informations/bp2025_proposal/,L1,展示会・出展
外郭|京都,第53回 国際ホテル・レストランショー2025 京都府ブース 共同出展企業募集終了,https://www.ki21.jp/informations/hoteresu2025/,L1,海外展開/展示会・出展
外郭|京都,"第53回 国際ホテル・レストランショー2025 京都府ブース 共同出展企業募集<span class=""icon closed"">終了</span>",https://www.ki21.jp/informations/hoteresu2025/,L1,海外展開/展示会・出展
外郭|京都,モノづくりフェア2024(福岡開催) 京都ブースの共同出展企業募集について終了,https://www.ki21.jp/matching/monodukuri2024/,L1,展示会・出展
外郭|京都,"モノづくりフェア2024(福岡開催) 京都ブースの共同出展企業募集について<span class=""icon closed"">終了</span>",https://www.ki21.jp/matching/monodukuri2024/,L1,展示会・出展
外郭|京都,スイス連邦における伝統産業産地振興拠点「Kyoto Concept Store」 の開設・販売促進業務に係る公募型プロポーザル審査の選定結果について終了,https://www.ki21.jp/informations/swiss-kyoto-concept-store/,L1,工芸・地域産品
外郭|京都,「electronic Asia 2024」 KYOTOブース（香港）出展者募集について終了,https://www.ki21.jp/matching/exhibition/electronic-asia-2024/,L1,展示会・出展
外郭|京都,"「electronic Asia 2024」 KYOTOブース（香港）出展者募集について<span class=""icon closed"">終了</span>",https://www.ki21.jp/matching/exhibition/electronic-asia-2024/,L1,展示会・出展
外郭|京都,令和６年度 中小企業等海外展開支援事業費補助金（海外出願支援事業）公募開始のお知らせ 終了,https://www.ki21.jp/subsidy/kobo-r6-gksg/,L1,海外展開
外郭|京都,"令和６年度 中小企業等海外展開支援事業費補助金（海外出願支援事業）公募開始のお知らせ <span class=""icon closed"">終了</span>",https://www.ki21.jp/subsidy/kobo-r6-gksg/,L1,海外展開
外郭|京都,「METALEX 2024（Thailand）」（タイ バンコク） KYOTOブース出展者募集終了,https://www.ki21.jp/matching/exhibition/metalex-2024thai/,L1,展示会・出展
外郭|京都,"「METALEX 2024（Thailand）」（タイ バンコク） KYOTOブース出展者募集<span class=""icon closed"">終了</span>",https://www.ki21.jp/matching/exhibition/metalex-2024thai/,L1,展示会・出展
外郭|京都,令和６年度 共創型ものづくり等支援事業補助金 募集開始のお知らせ終了,https://www.ki21.jp/subsidy/kobo-r6-kyousou/,L1,工芸・地域産品
外郭|京都,"令和６年度 共創型ものづくり等支援事業補助金 募集開始のお知らせ<span class=""icon closed"">終了</span>",https://www.ki21.jp/subsidy/kobo-r6-kyousou/,L1,工芸・地域産品
外郭|京都,『 関西・四国合同広域商談会 』案内文書発送業務委託業者の募集について終了,https://www.ki21.jp/kobo/r4/hasso/20220729.pdf,L1,展示会・出展
外郭|京都,"『 関西・四国合同広域商談会 』案内文書発送業務委託業者の募集について<span class=""icon closed"">終了</span>",https://www.ki21.jp/kobo/r4/hasso/20220729.pdf,L1,展示会・出展
外郭|京都,「京都ビジネス交流フェア２０２３」展示会場装飾及び印刷物等作成・発送業務に係る公募型プロポーザルの実施について終了,https://www.ki21.jp/information/bp2023-itaku/,L1,展示会・出展
外郭|京都,"「京都ビジネス交流フェア２０２３」展示会場装飾及び印刷物等作成・発送業務に係る公募型プロポーザルの実施について<span class=""icon closed"">終了</span>",https://www.ki21.jp/information/bp2023-itaku/,L1,展示会・出展
外郭|大阪,【ご質問に対する回答】令和8年度「この街のクリエイター博覧会2027」会場設営・運営管理業務の委託先公募について,https://www.obda.or.jp/wp-content/uploads/2026/05/konokurihaku2027_QandA.pdf,L1,展示会・出展
外郭|大阪,令和8年度「この街のクリエイター博覧会2027」会場設営・運営管理業務募集要項,https://www.obda.or.jp/wp-content/uploads/2026/05/01_konokurihaku2027_Guidelines.pdf,L1,展示会・出展
外郭|大阪,令和8年度「この街のクリエイター博覧会2027」会場設営・運営管理業務仕様書案,https://www.obda.or.jp/wp-content/uploads/2026/05/02_konokurihaku2027_Specs.pdf,L1,展示会・出展
外郭|三重,募集ホームページ（岐阜県産業経済振興センターのページに飛びます）,https://www.gpc-gifu.or.jp/topics/2026072301/index.asp,L1,工芸・地域産品
外郭|三重,出展企業募集要領(pdf),https://www.miesc.or.jp/slaker/upload/topics/file2_2_2026082106114eba58d70f7443a0b54c64a9590f7122f4c6.pdf,L1,展示会・出展
外郭|三重,出展企業募集チラシ(pdf),https://www.miesc.or.jp/slaker/upload/topics/file3_1_20260825b9a146fbba4e8c7e9c4793c70009696126227184.pdf,L1,展示会・出展
外郭|福島,商談会・展示会 2026.07.27 【発注企業募集】「２０２６宮城・福島合同商談会」開催のご案内,https://www.utsukushima.net/news.html?id=757,L2,展示会・出展
外郭|石川,中小企業 海外販促クリエイティブ支援 参加企業募集（中小機構 締切：R8.8.31）,https://www.isico.or.jp/support/dgnet/d41196926.html,L1,海外展開
外郭|石川,中国・重慶で開催する北陸3県工芸品フェアへの出品事業者を募集（石川県 締切：R8.8.28）,https://www.isico.or.jp/support/dgnet/d41196846.html,L1,展示会・出展/工芸・地域産品
外郭|石川,大学発新産業創出基金事業「ディープテック・スタートアップ国際展開プログラム（D-Global）」第6回公募（JST 締切：R8.9.30）,https://www.isico.or.jp/support/dgnet/d41196746.html,L1,海外展開
外郭|石川,令和７年度補正予算 地域資源の徹底活用に向けた資源循環加速化事業の二次公募（環境省 締切：R8.8.28）,https://www.isico.or.jp/support/dgnet/d41196171.html,L1,工芸・地域産品
外郭|石川,公益財団法人石川県産業創出支援機構 職員の募集（締切：R8.7.31）,https://www.isico.or.jp/support/dgnet/d41194361.html,L1,工芸・地域産品
外郭|石川,「株式会社阪急阪神百貨店（阪神梅田本店）」との個別商談会 参加事業者の募集（締切：R8.6.23）,https://www.isico.or.jp/support/dgnet/d41194323.html,L1,展示会・出展
外郭|石川,令和8年度中小企業等海外展開支援事業費補助金（海外出願支援事業）の公募(締切：R8.6.22),https://www.isico.or.jp/support/dgnet/d41194198.html,L1,海外展開
外郭|石川,令和８年度 伝統産業市場変化対応支援事業の募集（セミナー締切：R8.5.18）(事業締切：R8.6.15）,https://www.isico.or.jp/support/dgnet/d41187379.html,L1,工芸・地域産品
外郭|石川,「東京インターナショナル・ギフト・ショー秋2026 第20回LIFE×DESIGN」出展企業の募集（締切：令和8年4月24日 17時）,https://www.isico.or.jp/support/dgnet/d41192899.html,L1,展示会・出展
外郭|島根,令和8年度「中小企業等海外展開支援事業費補助金（海外出願支援事業）」公募のご案内,https://www.joho-shimane.or.jp/news/wanted_subsidy/11705,L1,海外展開
外郭|島根,令和8年度「専門展示会出展助成金」募集のご案内,https://www.joho-shimane.or.jp/news/wanted_subsidy/11690,L1,展示会・出展
外郭|島根,令和8年度「営業代行等を活用したものづくり産業販路拡大支援助成金」募集のご案内,https://www.joho-shimane.or.jp/news/wanted_subsidy/11662,L1,工芸・地域産品
外郭|島根,令和8年度「しまね海外ビジネス活動支援助成金」募集のご案内,https://www.joho-shimane.or.jp/news/wanted_subsidy/11668,L1,海外展開
外郭|島根,「しまね海外ビジネス活動支援助成金募集要領（R8）」（PDF：305kB）,https://www.joho-shimane.or.jp/files/original/202605291658410710ff245fd.pdf,L1,海外展開
外郭|千葉,【11月11～13日開催】産業交流展2026への共同出展企業(千葉県企業出展ブース)の募集,https://www.ccjc-net.or.jp/contents_detail.php?co=cat&amp;frmId=3921&amp;frmCd=43-1-4-0-0,L1,展示会・出展
外郭|広島,『西日本合同広域商談会2027』参加発注企業募集について,https://www.ki21.jp/matching/exhibition/shodankai/hacchu2027/,L1,展示会・出展
外郭|広島,第4回 ものづくりワールド［福岡］の募集ページを見る,https://www.hiwave.or.jp/news/51029/,L1,工芸・地域産品
外郭|広島,・第4回 ものづくりワールド［福岡］の募集ページを見る,https://www.hiwave.or.jp/news/51029/,L1,工芸・地域産品
外郭|広島,・第4回 ものづくりワールド［福岡］ 出展募集チラシ（PDF）,https://www.hiwave.or.jp/wp-content/uploads/2026/09/2f0505b9226676bae440c629ba292580.pdf,L1,展示会・出展/工芸・地域産品
外郭|広島,・第4回 ものづくりワールド［福岡］ 出展募集要項（PDF）,https://www.hiwave.or.jp/wp-content/uploads/2026/09/0801ae6d754eeb649b28777c7b2eb33d.pdf,L1,展示会・出展/工芸・地域産品
外郭|山口,SEMICON Taiwan 2026 小間装飾業務,https://yipf.or.jp/proposal/semicon-taiwan-2026-%e5%b0%8f%e9%96%93%e8%a3%85%e9%a3%be%e6%a5%ad%e5%8b%99/?e=contents,L1,展示会・出展
外郭|山口,海外展示会<食品分野>及び海外バイヤー招聘事業による、海外展開支援補助業務,https://yipf.or.jp/proposal/%e6%b5%b7%e5%a4%96%e5%b1%95%e7%a4%ba%e4%bc%9a%e5%8f%8a%e3%81%b3%e6%b5%b7%e5%a4%96%e3%83%90%e3%82%a4%e3%83%a4%e3%83%bc%e6%8b%9b%e8%81%98%e4%ba%8b%e6%a5%ad%e3%81%ab%e3%82%88%e3%82%8b/?e=contents,L1,海外展開/展示会・出展
外郭|山口,SEMICON Japan 2026 小間装飾業務,https://yipf.or.jp/proposal/semicon-japan-2026-%e5%b0%8f%e9%96%93%e8%a3%85%e9%a3%be%e6%a5%ad%e5%8b%99-%e3%83%97%e3%83%ad%e3%83%9d%e3%83%bc%e3%82%b6%e3%83%ab%e5%8b%9f%e9%9b%86/?e=contents,L1,展示会・出展
外郭|山口,「第３１回機械要素技術展」出展に係る装飾委託業務,https://yipf.or.jp/proposal/r8_kikaiyouso/?e=contents,L1,展示会・出展
外郭|山口,「2025NEW環境展」出展に係る装飾委託業務,https://yipf.or.jp/proposal/exhibitionr8_kankyo/?e=contents,L1,展示会・出展
外郭|山口,「H2&FC EXPO【秋】／BATTERY JAPAN【秋】」出展に係る装飾業務,https://yipf.or.jp/proposal/h2battery2026-decoration_proposal/?e=contents,L1,展示会・出展
外郭|山口,海外バイヤー招聘による県内地域産品の視察・商談等実施業務,https://yipf.or.jp/proposal/%e6%b5%b7%e5%a4%96%e3%83%90%e3%82%a4%e3%83%a4%e3%83%bc%e6%8b%9b%e8%81%98%e3%81%ab%e3%82%88%e3%82%8b%e7%9c%8c%e5%86%85%e5%9c%b0%e5%9f%9f%e7%94%a3%e5%93%81%e3%81%ae%e8%a6%96%e5%af%9f%e3%83%bb%e5%95%86/?e=contents,L1,海外展開/工芸・地域産品
外郭|山口,「第４回製造業カーボンニュートラル展」出展に係る装飾委託業務,https://yipf.or.jp/proposal/r7_seizou_cn/?e=contents,L1,展示会・出展
外郭|山口,「第60回 スーパーマーケット・トレードショー2026」出展に係る装飾委託業務,https://yipf.or.jp/proposal/r7bukka_smts2026/?e=contents,L1,展示会・出展
外郭|山口,「第３回九州機械要素技術展」出展に係る装飾委託業務,https://yipf.or.jp/proposal/r7_kyushukikaiyouso/?e=contents,L1,展示会・出展
外郭|山口,SEMICON Japan 2025 小間装飾業務,https://yipf.or.jp/proposal/semicon-japan-2025-%e5%b0%8f%e9%96%93%e8%a3%85%e9%a3%be%e6%a5%ad%e5%8b%99-%e3%83%97%e3%83%ad%e3%83%9d%e3%83%bc%e3%82%b6%e3%83%ab%e5%8b%9f%e9%9b%86/?e=contents,L1,展示会・出展
外郭|山口,「Ｈ２＆ＦＣＥＸＰＯ【秋】２０２５」出展に係る装飾委託業務,https://yipf.or.jp/proposal/h2fcexpo2025-decoration_proposal/?e=contents,L1,展示会・出展
外郭|山口,SEMICON Taiwan 2025 小間装飾業務,https://yipf.or.jp/proposal/semicon-taiwan-2025-%e5%b0%8f%e9%96%93%e8%a3%85%e9%a3%be%e6%a5%ad%e5%8b%99/?e=contents,L1,展示会・出展
外郭|山口,「第３０回機械要素技術展」出展に係る装飾委託業務,https://yipf.or.jp/proposal/r7_kikaiyouso/?e=contents,L1,展示会・出展
外郭|山口,「第59回 スーパーマーケット・トレードショー2024」出展に係る装飾委託業務,https://yipf.or.jp/proposal/r6bukka_smts2025/?e=contents,L1,展示会・出展
外郭|山口,「第２回九州機械要素技術展」出展に係る装飾委託業務,https://yipf.or.jp/proposal/r6_kyushukikaiyouso/?e=contents,L1,展示会・出展
外郭|山口,「第５回フードテックジャパン」出展に係る装飾委託業務,https://yipf.or.jp/proposal/r6_foodtechjapan/?e=contents,L1,展示会・出展
外郭|山口,SEMICON JAPAN 2024 小間装飾業務,https://yipf.or.jp/proposal/semicon-japan-2024-%e5%b0%8f%e9%96%93%e8%a3%85%e9%a3%be%e6%a5%ad%e5%8b%99-%e3%83%97%e3%83%ad%e3%83%9d%e3%83%bc%e3%82%b6%e3%83%ab%e5%8b%9f%e9%9b%86/?e=contents,L1,展示会・出展
外郭|山口,「Ｈ２＆ＦＣＥＸＰＯ【秋】２０２４」出展に係る装飾委託業務,https://yipf.or.jp/proposal/h2fcexpo2024-decoration_proposal/?e=contents,L1,展示会・出展
外郭|山口,SEMICON TAIWAN 2024小間装飾業務,https://yipf.or.jp/proposal/semicon-taiwan-2024%e5%b0%8f%e9%96%93%e8%a3%85%e9%a3%be%e6%a5%ad%e5%8b%99/?e=contents,L1,展示会・出展
外郭|山口,山口県海外ビジネスサポートデスク業務,https://yipf.or.jp/proposal/%e5%b1%b1%e5%8f%a3%e7%9c%8c%e6%b5%b7%e5%a4%96%e3%83%93%e3%82%b8%e3%83%8d%e3%82%b9%e3%82%b5%e3%83%9d%e3%83%bc%e3%83%88%e3%83%87%e3%82%b9%e3%82%af%e6%a5%ad%e5%8b%99%e3%83%97%e3%83%ad%e3%83%9d%e3%83%bc-2/?e=contents,L1,海外展開
外郭|山口,「第29回機械要素技術展」出展に係る装飾委託業務,https://yipf.or.jp/proposal/r6cn_kikaiyouso/?e=contents,L1,展示会・出展
外郭|山口,「2024NEW環境展」出展に係る装飾委託業務,https://yipf.or.jp/proposal/r6-n-expo/?e=contents,L1,展示会・出展
外郭|山口,「第58回 スーパーマーケット・トレードショー2024」出展に係る装飾委託業務,https://yipf.or.jp/proposal/r5bukkakoto_smts2024/?e=contents,L1,展示会・出展
外郭|山口,「第４回フードテックジャパン」出展に係る装飾委託業務,https://yipf.or.jp/proposal/r5_foodtechjapan/?e=contents,L1,展示会・出展
外郭|山口,「国際ロボット展２０２３」出展に係る装飾委託業務,https://yipf.or.jp/proposal/r5_irex2023/?e=contents,L1,海外展開/展示会・出展
外郭|山口,「Ｈ２＆ＦＣＥＸＰＯ【秋】２０２３」出展に係る装飾委託業務,https://yipf.or.jp/proposal/h2fcexpo-decoration_proposal/?e=contents,L1,展示会・出展
外郭|山口,「FOOD STYLE Japan2023」出展に係る装飾委託業務,https://yipf.or.jp/proposal/foodstylejapan2023-decoration_proposal/?e=contents,L1,展示会・出展
外郭|山口,「第２８回機械要素技術展」出展に係る装飾委託業務,https://yipf.or.jp/proposal/mtech-decoration_proposal/?e=contents,L1,展示会・出展
外郭|山口,【終了】「新スタイル対応販路拡大支援事業（ハイブリッド展示会等出展支援）」に係る研修実施業務（食品）,https://yipf.or.jp/proposal/newstyle_training_shokuhin/?e=contents,L1,展示会・出展
外郭|山口,【終了】「新スタイル対応販路拡大支援事業（ハイブリッド展示会等出展支援）」に係る研修実施業務（製品・加工）,https://yipf.or.jp/proposal/newstyle_training_seihinkakou/?e=contents,L1,展示会・出展
外郭|山口,海外展開総合支援事業展示会プロモート事業業務委託,https://yipf.or.jp/proposal/%e6%b5%b7%e5%a4%96%e5%b1%95%e9%96%8b%e7%b7%8f%e5%90%88%e6%94%af%e6%8f%b4%e4%ba%8b%e6%a5%ad%e5%b1%95%e7%a4%ba%e4%bc%9a%e3%83%97%e3%83%ad%e3%83%a2%e3%83%bc%e3%83%88%e4%ba%8b%e6%a5%ad%e6%a5%ad%e5%8b%99/?e=contents,L1,海外展開/展示会・出展
外郭|山口,グローバル人材育成事業に係るプロポーザル募集について【R3.3.22】,https://yipf.or.jp/proposal/r3_3_22/?e=contents,L1,海外展開
外郭|山口,展示会活用型人材育成研修実施業務（連携）【R2.10.13】,https://yipf.or.jp/proposal/r2_10_13/?e=contents,L1,展示会・出展
外郭|山口,展示会活用型人材育成研修実施業務【R2.7.16】,https://yipf.or.jp/proposal/r2_7_16/?e=contents,L1,展示会・出展
外郭|山口,海外展示会プロモート事業業務委託（シンガポール）【R2.7.15】,https://yipf.or.jp/proposal/r2_7_15/?e=contents,L1,海外展開/展示会・出展
外郭|山口,海外展示会プロモート事業業務委託（タイ）【R2.7.8】,https://yipf.or.jp/proposal/r2_7_8/?e=contents,L1,海外展開/展示会・出展
外郭|山口,【SMTS2027展示会出展】参加企業募集案内,https://yipf.or.jp/cms/wp-content/uploads/2026/08/【SMTS2027展示会出展】参加企業募集案内.pdf,L1,展示会・出展
外郭|山口,SMTS2027出展企業募集,https://yipf.or.jp/cms/wp-content/uploads/2026/08/SMTS2027出展企業募集.pdf,L1,展示会・出展
外郭|神奈川,セミナー&イベント 開催日：2026年09月24日 【募集】日産自動車のAI技術戦略と地域企業とのものづくり,https://www.kipc.or.jp/topics/seminar-event/2026carsup-seminar1/,L1,工芸・地域産品
外郭|香川,地域資源活用商品開発・ブランド化支援事業 ※令和8年度の募集は終了しました。,https://www.kagawa-isf.jp/support/fund/newfund/4126-2/,L1,工芸・地域産品/プロモーション
外郭|香川,かがわ中小企業応援ファンド等事業 令和8年度地域資源活用商品開発・ブランド化支援事業公募要領,https://www.kagawa-isf.jp/wp-content/uploads/2026/03/kouboyouryou_chiiki_202604.pdf,L1,工芸・地域産品/プロモーション
外郭|香川,『西日本合同広域商談会2027』 参加発注企業募集 – 京都産業21,https://www.ki21.jp/matching/exhibition/shodankai/hacchu2027/,L1,展示会・出展
外郭|香川,2023/10/12 商談・展示会 令和５年度関西・四国合同広域商談会 受注企業の募集,https://www.kagawa-isf.jp/news/11240/,L1,展示会・出展
外郭|香川,2026/06/02 商談・展示会 終了 香川県「食品商談会」参加者募集,https://www.kagawa-isf.jp/news/10374/,L1,展示会・出展
外郭|香川,演習を通して学ぶ、デザイン思考・アート思考受講者募集2026年8月28日 09:00,https://www.kagawa-isf.jp/event/18968/,L1,文化・芸術
外郭|香川,「第61回スーパーマーケット・トレードショー2027」出展者募集2027年2月17日 10:00,https://www.kagawa-isf.jp/event/10593/,L1,展示会・出展
外郭|香川,2025/06/04 商談・展示会 終了 「第3回機械要素技術展［福岡］」の香川県ブース出展者を募集,https://www.kagawa-isf.jp/news/15620/,L1,展示会・出展
外郭|香川,2026/07/01 セミナー 募集中 令和8年度高度産業人材育成事業（次世代ものづくり技術研修、IT技術研修）の御案内,https://www.kagawa-isf.jp/news/19087/,L1,工芸・地域産品
外郭|香川,2024/04/15 お知らせ 終了 地域資源活用輸出商品開発支援事業の募集について,https://www.kagawa-isf.jp/news/12494/,L2,海外展開/工芸・地域産品
外郭|新潟,R8海外出願支援事業 二次募集チラシ,https://www.nico.or.jp/wp-content/uploads/2026/07/ae75a229d702207b179ec7b0c9fe495d.pdf,L1,海外展開
外郭|新潟,募集案内別紙（地域資源の活用）,https://www.nico.or.jp/wp-content/uploads/2024/04/feaa51773696e8bdcb694cb5741df49a-1.pdf,L1,工芸・地域産品
外郭|新潟,令和８年度：にいがた食の県産品 個別商談会開催に参加するバイヤーを募集します！,https://www.nico.or.jp/sien/match/88330/,L1,展示会・出展/工芸・地域産品
外郭|新潟,随時受付 2026年04月01日 随時募集：次世代デジタルものづくり研究会について 随時募集しています！,https://www.nico.or.jp/sien/seminar/60940/,L2,工芸・地域産品
外郭|新潟,受付終了 2026年08月07日 令和８年度：にいがた食の県産品 個別商談会開催に参加するバイヤーを募集します！ 受付終了しました。,https://www.nico.or.jp/sien/match/88330/,L2,展示会・出展/工芸・地域産品
外郭|新潟,受付終了 2026年07月01日 令和8年度：「スーパーマーケット・トレードショー2027」新潟県ブース共同出展者募集 受付終了しました。,https://www.nico.or.jp/sien/match/87217/,L2,展示会・出展
外郭|新潟,受付終了 2026年06月01日 令和８年度：FOODEX JAPAN2027 共同出展者の募集 受付終了しました。,https://www.nico.or.jp/sien/match/87280/,L2,展示会・出展
外郭|新潟,受付終了 2026年05月28日 「にいがた食の県産品 個別商談会」への参加企業を募集します 受付終了しました。,https://www.nico.or.jp/sien/match/87045/,L2,展示会・出展/工芸・地域産品
外郭|新潟,受付終了 2026年04月24日 令和８年度：にいがた食の県産品 個別商談会開催に参加するバイヤーを募集します！ 受付終了しました。,https://www.nico.or.jp/sien/match/86235/,L2,展示会・出展/工芸・地域産品
外郭|新潟,受付終了 2026年04月24日 令和８年度：FOOD STYLE JAPAN〈東京〉 共同出展者の募集 受付終了しました。,https://www.nico.or.jp/sien/match/86163/,L2,展示会・出展
外郭|新潟,受付終了 2026年04月14日 令和８年度：地方銀行フードセレクション共同出展者の募集 受付終了しました。,https://www.nico.or.jp/sien/match/85539/,L2,展示会・出展
外郭|新潟,随時受付 2026年04月01日 新潟県内 生産財製造業情報サイト(イプロスものづくり内) 掲載企業募集のご案内 受付中です。,https://www.nico.or.jp/mokuteki/hanro/hanro_kikai/82235/,L2,工芸・地域産品
外郭|新潟,随時受付 2026年04月01日 随時受付：物産展開催事業 大新潟展などの物産展参加希望者を随時募集しています。,https://www.nico.or.jp/sien/testmarketing/67929/,L2,工芸・地域産品
外郭|新潟,受付終了 2026年02月19日 令和８年度：機械要素技術展（M-Tech）共同出展企業募集 受付終了しました。,https://www.nico.or.jp/sien/match/84707/,L2,展示会・出展
外郭|新潟,受付終了 2025年11月17日 「高質系卸・小売との個別商談会」への参加企業を募集します 受付終了しました。,https://www.nico.or.jp/sien/match/83749/,L2,展示会・出展
外郭|新潟,受付中 2026年08月12日 令和８年度：中小企業等海外出願支援事業 中⼩企業等海外出願⽀援事業の二次募集を開始しました。,https://www.nico.or.jp/sien/hojokin/86517/,L2,海外展開
外郭|新潟,受付終了 2026年06月24日 令和8年度：県産工芸品・生活関連用品等販路開拓事業（フランス）参加商品募集 受付終了しました。,https://www.nico.or.jp/sien/syohinhyoka/87771/,L2,工芸・地域産品
外郭|新潟,受付終了 2026年06月19日 令和8年度：県産日本酒等販路開拓事業（イギリス）参加企業募集 受付終了しました。,https://www.nico.or.jp/sien/syohinhyoka/87635/,L2,工芸・地域産品
外郭|新潟,受付終了 2025年11月17日 令和7年度：県産食品フランス市場調査事業 参加商品募集 受付終了しました。,https://www.nico.or.jp/mokuteki/kaigai/83767/,L2,工芸・地域産品
外郭|新潟,受付終了 2025年11月17日 令和7年度：県産工芸品・生活関連用品等フランス市場調査・開拓事業 参加商品募集 受付終了しました。,https://www.nico.or.jp/sien/syohinhyoka/83772/,L2,工芸・地域産品
外郭|新潟,受付終了 2025年10月02日 令和７年度：FOODEX JAPAN2026 出展者の募集について 受付終了しました。,https://www.nico.or.jp/sien/match/83018/,L2,展示会・出展
外郭|新潟,受付終了 2025年10月01日 令和7年度：県産工芸品・生活関連用品等イギリス市場調査・開拓事業 参加商品募集 受付終了しました。,https://www.nico.or.jp/sien/syohinhyoka/83035/,L2,工芸・地域産品
外郭|新潟,受付終了 2025年10月01日 令和7年度：県産食品イギリス市場調査・開拓事業 参加商品募集 受付終了しました。,https://www.nico.or.jp/sien/syohinhyoka/82959/,L2,工芸・地域産品
外郭|新潟,受付終了 2025年08月26日 令和7年度：県産食品ドイツ市場調査事業 参加商品募集 受付終了しました。,https://www.nico.or.jp/sien/syohinhyoka/82369/,L2,工芸・地域産品
外郭|新潟,更新 2024年10月28日 令和６年度：海外展開トライアルサポート事業 採択先一覧（二次募集分）を掲載しました,https://www.nico.or.jp/sien/hojokin/72577/,L2,海外展開
外郭|新潟,受付終了 2024年08月01日 令和６年度：海外助成金説明会（二次募集・8/7開催） 受付終了しました。,https://www.nico.or.jp/mokuteki/kaigai/75309/,L2,海外展開
外郭|新潟,受付終了 2024年07月31日 令和6年度：パリ日本文化会館を活用したテストマーケティング事業（工芸品・生活関連用品） 参加商品募集 受付終了しました。,https://www.nico.or.jp/mokuteki/kaigai/75265/,L2,工芸・地域産品/文化・芸術
外郭|新潟,受付終了 2024年07月17日 令和6年度：イギリステストマーケティング事業「新潟フェアinロンドン」参加商品募集 受付終了しました。,https://www.nico.or.jp/mokuteki/kaigai/74912/,L2,展示会・出展
外郭|新潟,受付終了 2024年06月04日 令和6年度：県産食品ドイツ市場調査事業 参加商品募集 受付終了しました。,https://www.nico.or.jp/sien/syohinhyoka/73469/,L2,工芸・地域産品
外郭|新潟,受付終了 2024年03月26日 令和6年度：「新潟フェアinパリ（KIOKO）」参加商品募集 受付終了しました。,https://www.nico.or.jp/mokuteki/kaigai/70888/,L2,展示会・出展
外郭|新潟,受付終了 2026年07月01日 とうほく・北海道 新パートナー/新事業創生展示会への出展者を募集します 受付終了しました。,https://www.nico.or.jp/news/86398/,L2,展示会・出展
外郭|山梨,「地域ものづくり企業商談会」発注企業募集のご案内,https://www.yiso.or.jp/1216/,L1,展示会・出展/工芸・地域産品
外郭|山梨,第16回「富士山麓ビジネス商談会」発注企業募集のご案内,https://www.yiso.or.jp/865/,L1,展示会・出展
外郭|山梨,出展企業募集のご案内（PDF）,https://www.yiso.or.jp/wp-content/uploads/2026/07/madeinmtfuji2026.pdf,L1,展示会・出展
外郭|山梨,2026.08.20「地域ものづくり企業商談会」発注企業募集のご案内,https://www.yiso.or.jp/1216/,L2,展示会・出展/工芸・地域産品
外郭|山梨,2026.07.31令和８年度海外出願支援事業 第２回公募のご案内,https://www.yiso.or.jp/1184/,L2,海外展開
外郭|山梨,2026.07.29海外展開支援事業 二次公募のご案内,https://www.yiso.or.jp/1147/,L2,海外展開
外郭|山梨,2026.07.27「Made in Mt.Fuji ふじのくに医療・介護福祉機器展（富士山麓産学官金連携フォーラム2026)」出展企業募集のご案内,https://www.yiso.or.jp/1135/,L2,展示会・出展
外郭|山梨,2026.07.27静岡県東部４信金ビジネスマッチング商談会【第１６回「富士山麓ビジネス商談会」】受注企業募集のご案内,https://www.yiso.or.jp/1132/,L2,展示会・出展
外郭|山梨,2026.06.08山梨テクノICTメッセ２０２６の出展企業の募集について,https://www.yiso.or.jp/1015/,L2,展示会・出展
外郭|熊本,令和８年度 九州・中国合同広域商談会 募集案内,https://www.kmt-ti.or.jp/wp-content/uploads/2026/07/【R8_中・九合同】（受注）商談会案内0717.pdf,L1,展示会・出展
外郭|熊本,商談会 受注企業募集チラシ,https://www.kmt-ti.or.jp/wp-content/uploads/2026/07/【R8_中・九合同】受注企業募集チラシ0717.pdf,L1,展示会・出展
外郭|大分,【お知らせ】令和８年度中小企業地域資源活用等促進事業(ジャンプアップ事業)における展示商談会大分県ブースの企画・運営委託業務の公募について,https://www.columbus.or.jp/2026/08/17/%e3%80%90%e3%81%8a%e7%9f%a5%e3%82%89%e3%81%9b%e3%80%91%e4%bb%a4%e5%92%8c%ef%bc%98%e5%b9%b4%e5%ba%a6%e4%b8%ad%e5%b0%8f%e4%bc%81%e6%a5%ad%e5%9c%b0%e5%9f%9f%e8%b3%87%e6%ba%90%e6%b4%bb%e7%94%a8%e7%ad%89/,L2,展示会・出展/工芸・地域産品
外郭|和歌山,『西日本合同広域商談会2027』 参加発注企業募集について – 京都産業21,https://www.ki21.jp/matching/exhibition/shodankai/hacchu2027/,L1,展示会・出展
外郭|和歌山,【チラシ】令和8年度_海外出願支援事業（２回目公募）,https://yarukiouendan.or.jp/cms/wp_wipf/wp-content/uploads/R8d和歌山県中小企業等海外出願支援事業チラシ（2回目公募）.pdf,L1,海外展開
外郭|和歌山,【公募要項・和歌山】R8年度_海外出願支援事業（２回目公募）,https://yarukiouendan.or.jp/cms/wp_wipf/wp-content/uploads/【公募要項・和歌山】R8年度_海外出願支援事業（2回目公募）.pdf,L1,海外展開
外郭|宮崎,商談会 受注企業募集チラシ,https://www.mepo.or.jp/contents/wp-content/uploads/2026/07/chirashi-2.pdf,L1,展示会・出展
外郭|宮崎,【受注企業募集 大阪開催】 R８年度 宮崎県ものづくり取引拡大商談会,https://www.mepo.or.jp/contents/wp-content/uploads/2026/07/a5b47cd875e969cf9aa1c2ab342b8956-4.docx,L1,展示会・出展/工芸・地域産品
外郭|宮崎,小間装飾等業務委託 仕様書,https://www.mepo.or.jp/contents/wp-content/uploads/2026/07/siyousyo.pdf,L1,展示会・出展
外郭|宮崎,第29回機械要素技術展［大阪］（令和８年度）小間装飾等業務委託事業者を募集します,https://www.mepo.or.jp/?post_type=shiensaku&amp;p=7744&amp;preview=true,L1,展示会・出展
外郭|鳥取,装飾業者募集要項,https://www.toriton.or.jp/hp/wp-content/uploads/2026/06/装飾業者募集要項（メディカルジャパン）.pdf,L1,展示会・出展
外郭|鳥取,とっとりバイオフロンティア| 「BioJapan2026」出展者募集のお知らせ,https://www.bio-frontier.jp/archives/4207,L1,展示会・出展
外郭|鹿児島,「令和8年度かごしま取引商談会」発注企業 参加募集のご案内,https://www.kisc.or.jp/cat-torihiki/64891/,L1,展示会・出展
市財団|仙台市産業振興事業団,サービス業・セミナー参加者 セミナーを受講しました。ブランドを検討する際の考え方や、どのように業務を展開でき… 利用者の声 2023.07.04,https://www.siip.city.sendai.jp/ouen/voice/012.html,L2,プロモーション
市財団|千葉市産業振興財団,九都県市合同商談会【発注側】参加企業募集ページ,https://www.ccjc-net.or.jp/link/9tokenshi2027.html,L1,展示会・出展
市財団|千葉市産業振興財団,【受付終了】「九都県市合同商談会in東京ビッグサイト2025」【受注側】参加企業募集のご案内,https://www.chibashi-sangyo.or.jp/info-all/11536/,L1,展示会・出展
市財団|千葉市産業振興財団,【受付終了】「九都県市合同商談会 in 東京ビッグサイト2025」【発注側企業】募集のご案内,https://www.chibashi-sangyo.or.jp/info-all/11162/,L1,展示会・出展
市財団|千葉市産業振興財団,【受付終了】「九都県市合同商談会 in 幕張メッセ2027」【発注側】参加企業募集のご案内,https://www.chibashi-sangyo.or.jp/info-all/13736/,L2,展示会・出展
市財団|さいたま市産業創造財団,【募集中】「撮る力・つくる力を鍛える！Instagram×Canva コンテンツ制作研修」のご案内,https://www.sozo-saitama.or.jp/topic/instagram-canva-training202610/,L2,文化・芸術
市財団|さいたま市産業創造財団,【公募終了】【一般競争入札公告】COMPAMED2026ブース装飾業務の公募について,https://www.sozo-saitama.or.jp/topic/compamed-2026/,L2,展示会・出展
市財団|さいたま市産業創造財団,【公募終了】【一般競争入札公告】electronica 2026ブース装飾業務の公募について,https://www.sozo-saitama.or.jp/topic/electronica-2026/,L2,展示会・出展
市財団|横浜企業経営支援財団,【８/25(火) 入札結果掲載】「横浜情報文化センター電話交換設備更新業務委託」に係る入札の実施について (公告第５号),https://www.idec.or.jp/topics/entry_info.html?id=3064,L2,文化・芸術
市財団|横浜企業経営支援財団,EdgeTech＋2026「IDEC横浜パビリオン」出展企業募集を開始します！,https://www.idec.or.jp/topics/entry_info.html?id=3057,L2,展示会・出展
市財団|横浜企業経営支援財団,【テナント入居募集】日本大通り駅直結・歴史的ランドマーク。横浜情報文化センター10階243.2㎡（73.57坪）,https://www.idec.or.jp/topics/entry_info.html?id=3050,L2,文化・芸術
市財団|横浜企業経営支援財団,【記者発表】「九都県市合同商談会in幕張メッセ2027～発注側の参加企業を募集します～」.pdf,https://www.idec.or.jp/attach/entry/003060/%E3%80%90%E8%A8%98%E8%80%85%E7%99%BA%E8%A1%A8%E3%80%91%E3%80%8C%E4%B9%9D%E9%83%BD%E7%9C%8C%E5%B8%82%E5%90%88%E5%90%8C%E5%95%86%E8%AB%87%E4%BC%9Ain%E5%B9%95%E5%BC%B5%E3%83%A1%E3%83%83%E3%82%BB2027%EF%BD%9E%E7%99%BA%E6%B3%A8%E5%81%B4%E3%81%AE%E5%8F%82%E5%8A%A0%E4%BC%81%E6%A5%AD%E3%82%92%E5%8B%9F%E9%9B%86%E3%81%97%E3%81%BE%E3%81%99%EF%BD%9E%E3%80%8D.pdf,L2,展示会・出展
市財団|横浜企業経営支援財団,【記者発表資料】「九都県市合同商談会in東京ビッグサイト2025～７月31日から受注側の参加企業を募集します～」.pdf,https://www.idec.or.jp/attach/entry/002872/%E3%80%90%E8%A8%98%E8%80%85%E7%99%BA%E8%A1%A8%E8%B3%87%E6%96%99%E3%80%91%E3%80%8C%E4%B9%9D%E9%83%BD%E7%9C%8C%E5%B8%82%E5%90%88%E5%90%8C%E5%95%86%E8%AB%87%E4%BC%9Ain%E6%9D%B1%E4%BA%AC%E3%83%93%E3%83%83%E3%82%B0%E3%82%B5%E3%82%A4%E3%83%882025%EF%BD%9E%EF%BC%97%E6%9C%8831%E6%97%A5%E3%81%8B%E3%82%89%E5%8F%97%E6%B3%A8%E5%81%B4%E3%81%AE%E5%8F%82%E5%8A%A0%E4%BC%81%E6%A5%AD%E3%82%92%E5%8B%9F%E9%9B%86%E3%81%97%E3%81%BE%E3%81%99%EF%BD%9E%E3%80%8D.pdf,L2,展示会・出展
市財団|横浜企業経営支援財団,【記者発表】「九都県市合同商談会in東京ビッグサイト2025～６月９日から発注側の参加企業を募集します」.pdf,https://www.idec.or.jp/attach/entry/002996/%E3%80%90%E8%A8%98%E8%80%85%E7%99%BA%E8%A1%A8%E3%80%91%E3%80%8C%E4%B9%9D%E9%83%BD%E7%9C%8C%E5%B8%82%E5%90%88%E5%90%8C%E5%95%86%E8%AB%87%E4%BC%9Ain%E6%9D%B1%E4%BA%AC%E3%83%93%E3%83%83%E3%82%B0%E3%82%B5%E3%82%A4%E3%83%882025%EF%BD%9E%EF%BC%96%E6%9C%88%EF%BC%99%E6%97%A5%E3%81%8B%E3%82%89%E7%99%BA%E6%B3%A8%E5%81%B4%E3%81%AE%E5%8F%82%E5%8A%A0%E4%BC%81%E6%A5%AD%E3%82%92%E5%8B%9F%E9%9B%86%E3%81%97%E3%81%BE%E3%81%99%E3%80%8D.pdf,L2,展示会・出展
市財団|川崎市産業振興財団,"【参加者募集】10/21, 10/22 川崎重工業株式会社 エネルギーソリューション＆マリンカンパニー事業・ニーズ説明会、個別商談会",https://www.kawasaki-net.ne.jp/event/se20260818/,L1,展示会・出展
市財団|川崎市産業振興財団,"セミナー・イベント 2026.08.19 【参加者募集】10/21, 10/22 川崎重工業株式会社 エネルギーソリューション＆マリンカンパニー事業・ニーズ説明会、個別商談会",https://www.kawasaki-net.ne.jp/info20260818/,L1,展示会・出展
市財団|川崎市産業振興財団,イベント 2026.07.27 【参加者募集】9/16 ものづくり×ICT連携フォーラム in かわさき2026,https://www.kawasaki-net.ne.jp/event/se20260727/,L1,工芸・地域産品
市財団|川崎市産業振興財団,イベント 2026.07.01 【出展者募集】「KAWASAKI Quality Fair in 試食BARアサクサ」,https://www.kawasaki-net.ne.jp/event/se20260701/,L1,展示会・出展
市財団|川崎市産業振興財団,"イベント 2026.08.19 【参加者募集】10/21, 10/22 川崎重工業株式会社 エネルギーソリューション＆マリンカンパニー事業・ニーズ説明会、個別商談会",https://www.kawasaki-net.ne.jp/event/se20260818/,L1,展示会・出展
市財団|川崎市産業振興財団,イベント 2026.05.19 【募集開始】BioJapan2026横浜・川崎パビリオン,https://www.kawasaki-net.ne.jp/event/se20260518/,L2,展示会・出展
市財団|名古屋産業振興公社,ものづくり企業見学会 参加企業募集 チラシ（PDF）,https://www.nipc.or.jp/kougyou/pdf/kigyoukenngaku.pdf,L1,工芸・地域産品
市財団|堺市産業振興センター,名古屋機械要素技術展（2027年）共同出展社募集要項,https://www.sakai-ipc.jp/wp-content/uploads/2026/08/名古屋機械要素技術展（2027年）共同出展社募集要項0812.pdf,L1,展示会・出展
市|仙台,【募集を締め切りました】（令和8年度）スタートアップシティ・グローバルチャレンジ・プログラム参加企業を募集します,https://www.city.sendai.jp/startup-kyoten/sendaistartupexhibition08.html,L1,海外展開/プロモーション
市|仙台,【10月3日・24日開催】専門学校に通う留学生とのジョブフェア参加企業を募集しています,https://www.city.sendai.jp/koyotaisaku/jigyosha/gaikokujinzai/202610_senmon.html,L2,展示会・出展
市|仙台,【質問に対する回答を掲載しました】杜の都スタイル普及啓発用広報物制作等業務委託に係る公募型プロポーザルを実施します,https://www.city.sendai.jp/kankyokehatsu/kurashi/machi/kankyohozen/morinomiyakostyle/2026kohosesaku.html,L2,プロモーション
市|仙台,【受託候補者を特定しました】「探究型国際交流フィールドワーク in せんだい実施業務委託」に係る公募型プロポーザルの実施について,https://www.city.sendai.jp/kokusaikyoiku/fieldworkpuropo.html,L2,海外展開
市|仙台,【受託候補者を特定しました】「令和8年度 仙台「四方よし」企業制度周知広報等業務」の受託候補者を募集します,https://www.city.sendai.jp/chiikikeizaisaisei/chukaku/shihouyoshi_r8proposal.html,L2,プロモーション
市|仙台,【受託候補者を特定しました】令和8年度窓口BPR支援業務に係る公募型プロポーザルの実施について,https://www.city.sendai.jp/kosekijumin/madoguchi-dx/bpr-puroposal2026.html,L2,プロモーション
市|仙台,【受託候補者を特定しました】アジア太平洋防災閣僚級会議関連事業・情報発信実施計画策定等業務の受託候補者を募集します,https://www.city.sendai.jp/apmcdrr/apmcdrrsendai/keikakukoubo.html,L2,プロモーション
市|仙台,【受託候補者を選定しました】令和8年度（仮称）障害のある方の文化芸術活動推進事業業務の受託候補者を募集します,https://www.city.sendai.jp/kenko-kikaku/jinzai/r8syougaisyaart.html,L2,文化・芸術
市|仙台,【受託候補者を決定しました】令和8年度仙台市産材PR業務委託に係る公募型プロポーザルの実施について,https://www.city.sendai.jp/shinrin-kanri/r8proposal.html,L2,プロモーション
市|仙台,【受託候補者を特定しました】令和8年度終活周知広報業務の受託候補者を募集します,https://www.city.sendai.jp/hokatsushien/syuukatsushien/r8_syuutikouhou.html,L2,プロモーション
市|仙台,仙台市宿泊促進・滞在延長に繋がるコンテンツ創出事業補助金の交付事業者を追加募集します,https://www.city.sendai.jp/contentsoushutsu/r8contentsu/hojokin.html,L2,文化・芸術/観光・誘客
市|仙台,【受託候補者を特定しました】「海外事業による企業成長モデル創出事業」の受託候補者を募集します,https://www.city.sendai.jp/hanrokaitaku/documents/jigyousyabosyuu/globalbusinessgrowthmodel.html,L2,海外展開
市|仙台,TOHOKU DX GATEWAY 2026出展協賛の2次募集について（出展者7月31日締切／協賛者7月15日締切）,https://www.city.sendai.jp/renkeisuishin/tokudxgateway/2026shuttenbosyu.html,L2,展示会・出展
市|仙台,【受託候補者を選定しました】大河ドラマ誘致プロモーション業務の受託者を公募型プロポーザルにて募集します,https://www.city.sendai.jp/kankosuishin/event/taigadorama/260529_gyoumuitakupuropo.html,L2,プロモーション
市|仙台,【受託候補者を特定しました】仙台市ダイバーシティ関連イベント企画運営等業務委託に係る公募型プロポーザルの実施について,https://www.city.sendai.jp/kikaku-suishin/diversity-event2026_proposal.html,L2,プロモーション
市|仙台,【質問に対する回答を掲載しました】「令和8年度海浜エリアの魅力発信事業企画運営業務」企画提案募集のお知らせ,https://www.city.sendai.jp/miyagino-kaihin/miryoku/miryokuhasshin.html,L2,プロモーション
市|仙台,【受託候補者を選定しました】首都圏から仙台へのインバウンド誘客促進事業の事業者を募集します,https://www.city.sendai.jp/tohokurenke-kikaku/inboundyuukyaku.html,L2,海外展開/観光・誘客
市|仙台,【受託候補者を特定しました】外国人住民向け魅力紹介・ルール周知啓発動画制作業務委託に係る公募型プロポーザルの実施について,https://www.city.sendai.jp/kikaku-suishin/diversity-video_proposal.html,L2,海外展開/プロモーション
市|仙台,【受託候補者を選定しました】令和8年度ナノテラス利活用推進プロモーション事業に係る受託候補者を募集します,https://www.city.sendai.jp/nanotera/r8puromo.html,L2,プロモーション
市|仙台,【受託候補者を決定しました】（令和8年度）仙台グローバルスタートアップ・ハブ業務の受託候補者を募集します,https://www.city.sendai.jp/startup-kyoten/sendaiglobalstartuphub08.html,L2,海外展開
市|仙台,【受託候補者を決定しました】海外展示会出展支援事業（仙台グローバルスタートアップ・ハブ）の受託候補者を募集します,https://www.city.sendai.jp/startup-kyoten/globalexpor8.html,L2,海外展開/展示会・出展
市|仙台,【受託候補者を特定しました】「SNSを活用した子育てに関する情報発信業務委託」に係る公募型プロポーザルの実施について,https://www.city.sendai.jp/kosodate-suishin/kobo/r08sns.html,L2,プロモーション
市|仙台,【受託候補者を選定しました】令和8年度東北観光DMPを活用した仙台を起点とした東北周遊促進事業の受託事業者を募集します,https://www.city.sendai.jp/tohokurenke-kikaku/dmpkatsuyou.html,L2,観光・誘客
市|仙台,【受託候補者を選定しました】「東北の県庁所在地六市連携によるインバウンド向け情報発信業務」の事業者を募集します,https://www.city.sendai.jp/tohokurenke-jigyo/tohokurokushi/tokimeku_2026.html,L2,海外展開/プロモーション
市|仙台,【受託候補者を選定しました】令和8年度首都圏企業等プロモーション事業に係る受託候補者を募集します,https://www.city.sendai.jp/toshigata/jigyosha/8shutokenkigyoutoupromotion.html,L2,プロモーション
市|仙台,【受託候補者を特定しました】仙台市発達相談支援センター業務に係る業務改革（BPR）支援業務委託に係る公募型プロポーザルの実施について,https://www.city.sendai.jp/bpr-suishin/propo/archil.html,L2,プロモーション
市|仙台,【受託候補者を選定しました】いじめ防止啓発漫画動画制作及び広報等業務の実施事業者を募集します,https://www.city.sendai.jp/kodomo-taisaku/ijime_proposal_2026.html,L2,プロモーション
市|仙台,【受託候補者を選定しました】令和8年度東北の広域連携による周遊促進業務の受託事業者を募集します,https://www.city.sendai.jp/tohokurenke-kikaku/roundtrip_260406.html,L2,観光・誘客
市|仙台,【受託候補者を選定しました】仙台・福島・山形三市周遊ゴールデンルートを活用した認知拡大及び誘客拡大事業の受託事業者を募集します,https://www.city.sendai.jp/tohokurenke-kikaku/sansikyougikai/20260420_goldenroot.html,L2,観光・誘客
市|仙台,【受託候補者を選定しました】令和8年度IT産業振興の取組み等に関する情報発信ウェブサイト運営業務の受託者を募集します,https://www.city.sendai.jp/seichosangyo/shinchakujoho/itwebsite-proposal2026.html,L2,プロモーション
市|仙台,【受託候補者を選定しました】「令和8年度東北の観光分野におけるネットワーク形成事業」の受託事業者を募集します,https://www.city.sendai.jp/tohokurenke-kikaku/network/260409.html,L2,観光・誘客
市|仙台,【受託候補者を特定しました】仙台市外国人医療受診サポート実証事業業務委託に係る公募型プロポーザルの実施について,https://www.city.sendai.jp/kikaku-suishin/proposal_foreignresidents_medicalcare.html,L2,海外展開
市|仙台,【受託候補者を選定しました】令和8年度（仮称）関西圏での仙台、東北の観光・グルメ展実施業務の受託事業者を募集します,https://www.city.sendai.jp/tohokurenke-kikaku/kansaikenn_260408.html,L2,観光・誘客
市|仙台,【受託候補者を決定しました】「仙台ゆかりの漫画・アニメを活用した海外出展業務」に係る公募型プロポーザルの実施について,https://www.city.sendai.jp/contentsoushutsu/animation_manga/r8proposal.html,L2,海外展開/展示会・出展
市|仙台,【質問への回答を公表しました】秋保大滝観光周遊バス運行事業の受託者を募集します。,https://www.city.sendai.jp/contentsoushutsu/akiu/2026/otakibus.html,L2,観光・誘客
市|仙台,【受託候補者を選定しました】「令和8年度市内飲食店等を活用した東北の「美酒・美食」の魅力発信機能強化事業」の事業者を募集します,https://www.city.sendai.jp/tohokurenke-kikaku/bishubishoku-r8.html,L2,プロモーション
市|仙台,【受託候補者を決定しました】「秋保地区周遊促進事業業務委託」に係る公募型プロポーザルの実施について,https://www.city.sendai.jp/contentsoushutsu/akiu/2025/koubo.html,L2,観光・誘客
市|仙台,「みんなで子育てフェスタ＆健康フォーラム」出展団体を募集します,https://www.city.sendai.jp/kosodate-suishin/kurashi/kenkotofukushi/kosodate/bosyuu/r07festa.html,L2,展示会・出展
市|千葉,令和８年度外国料理店・食材店との連携による外国人市民向け情報発信事業務委託,https://www.city.chiba.jp/shimin/shimin/kokusai/2026_kaigairyouri.html,L1,海外展開/プロモーション
市|千葉,令和7年度千葉市教員採用プロモーション業務委託,https://www.city.chiba.jp/kyoiku/kyoikusomu/kyoikushokuin/2025puromousyonjigyou.html,L1,プロモーション
市|千葉,令和8年度技術職・技能職の魅力啓発冊子及び動画等作成業務委託,https://www.city.chiba.jp/keizainosei/keizai/koyosuishin/gijyutu_ginou2026.html,L1,プロモーション
市|千葉,外国人介護職員のための日本語学習支援業務委託,https://www.city.chiba.jp/hokenfukushi/koreishogai/kaigohokenkanri/foreigners/nihongokyousitsu_r8.html,L1,海外展開
市|千葉,令和8年度千葉市教員採用プロモーション業務委託,https://www.city.chiba.jp/kyoiku/kyoikusomu/kyoikushokuin/2026puromousyonjigyou2.html,L1,プロモーション
市|千葉,令和8年度南生実地区埋蔵文化財確認調査支援業務委託（松原東遺跡）,https://www.city.chiba.jp/kyoiku/shogaigakushu/bunkazai/maizoubunkazai/r8minamioyumichikukakunincyousa_matsubarahigashi.html,L1,文化・芸術
市|千葉,JR千葉駅・モノレール千葉駅連絡通路壁面等装飾業務委託,https://www.city.chiba.jp/sogoseisaku/sogoseisaku/identitysuishin/900th_wrapping.html,L1,展示会・出展
市|千葉,令和８年度千葉市「食のブランド」プロモーション等業務委託,https://www.city.chiba.jp/keizainosei/nosei/nosei/syokunoburando-sen.html,L1,プロモーション
市|千葉,令和8年度千葉市「食のブランド」認定事務局運営等業務委託,https://www.city.chiba.jp/keizainosei/nosei/nosei/r8sen_jimukyokuitaku.html,L1,プロモーション
市|千葉,令和8年度地産地消PR業務委託,https://www.city.chiba.jp/keizainosei/nosei/nosei/r7tsukutabe.html,L1,プロモーション
市|千葉,令和8年度千葉市「食のブランド」デジタルマーケティング支援業務委託,https://www.city.chiba.jp/keizainosei/nosei/nosei/r8sendigital.html,L1,プロモーション
市|千葉,令和８年度千葉市「食のブランド」ECサイトを活用したロイヤルカスタマー育成プロモーション業務委託業務委託,https://www.city.chiba.jp/keizainosei/nosei/nosei/r8sen_loyalcustomer02.html,L1,プロモーション
市|千葉,令和８年度Webサイト及びSNS等を活用した訪日外国人観光客向け情報発信業務委託,https://www.city.chiba.jp/keizainosei/keizai/promotion/r8websns_inboundjouhouhasshin.html,L1,海外展開/観光・誘客/プロモーション
市|千葉,令和８年度 スマートシティ実証事業 公募型プロポーザル実施要領（PDF：406KB）,https://www.city.chiba.jp/sogoseisaku/miraitoshi/smartcity/chosei/documents/r8smart.pdf,L1,プロモーション
市|千葉,千葉市立幕張若葉小学校開校に伴う音楽備品（制限付一般競争入札・電子）,https://www.city.chiba.jp/kyoiku/kyoikusomu/gakkoshisetsu/r7_shinsetushou_shodo_ongaku_bihin.html,L2,文化・芸術
市|横浜,【公募型プロポーザル】瀬谷駅北口駅前広場から旧上瀬谷通信施設地区における緑花による装飾および育成業務委託,https://www.city.yokohama.lg.jp/business/nyusatsu/kakukukyoku/2026/itaku/green/midorihana.html,L1,展示会・出展
市|横浜,【公募型プロポーザル】横浜市青葉区の居住に関する魅力記事制作掲載業務委託,https://www.city.yokohama.lg.jp/business/nyusatsu/kakukukyoku/2026/itaku/aoba/miryoku_kiji.html,L2,プロモーション
市|横浜,【第１期申請受付中】【中東情勢の変化や米国の関税措置等による影響を受ける市内中小企業が対象】展示会出展費用助成金の募集を開始します,https://www.city.yokohama.lg.jp/business/kigyoshien/keieishien/kaihatsu/tenjikai/tennjikaijyosei.html,L2,展示会・出展
市|横浜,【質問回答掲載】【公募型プロポーザル】令和８年度 依存症対策事業広報・啓発等企画運営委託,https://www.city.yokohama.lg.jp/business/nyusatsu/kakukukyoku/2026/itaku/kenko/R8_izon_kohokeihatsu.html,L2,プロモーション
市|横浜,【質問回答掲載】【公募型プロポーザル】GREEN×EXPO 2027来場者向け展示物 （資源循環の可視化・カーボンリサイクル）に関する企画・制作業務委託,https://www.city.yokohama.lg.jp/business/nyusatsu/kakukukyoku/2026/itaku/green/greenexpo2027junkan.html,L2,展示会・出展
市|川崎,地域の子育て支援イベント等のさらなる利用に向けた新たな広報・予約システムの実証実験参加事業者の募集について【募集は終了しました】[2023年9月22日],https://www.city.kawasaki.jp/450/page/0000153355.html,L1,プロモーション
市|川崎,川崎市振り仮名センター会計年度任用職員の募集（市民文化局市民生活部戸籍住民サービス課）市政情報新着,https://www.city.kawasaki.jp/170/page/0000189360.html,L1,文化・芸術
市|川崎,会計年度任用職員（川崎市マイナンバーカードセンター）の募集（市民文化局戸籍住民サービス課）市政情報新着,https://www.city.kawasaki.jp/170/page/0000189292.html,L1,文化・芸術
市|川崎,川崎市スポーツフェスタ2026 スポーツ体験教室参加者募集！！魅力・イベント新着,https://www.city.kawasaki.jp/250/page/0000188931.html,L1,プロモーション
市|川崎,第16回たま音楽祭出演者大募集！！多摩区新着,https://www.city.kawasaki.jp/tama/page/0000186703.html,L1,文化・芸術
市|川崎,令和8年度教育文化会館市民自主企画事業「川崎と沖縄のつながりを知ろう」参加者募集川崎区,https://www.city.kawasaki.jp/kawasaki/page/0000188167.html,L1,文化・芸術
市|川崎,菅生分館 「はじめてでも大丈夫！バルーンアートでボランティア」受講生募集宮前区,https://www.city.kawasaki.jp/miyamae/page/0000186993.html,L1,文化・芸術
市|川崎,川崎市振り仮名センター会計年度任用職員の募集（市民文化局市民生活部戸籍住民サービス課）,https://www.city.kawasaki.jp/170/page/0000189360.html,L1,文化・芸術
市|川崎,会計年度任用職員（川崎市マイナンバーカードセンター）の募集（市民文化局戸籍住民サービス課）,https://www.city.kawasaki.jp/170/page/0000189292.html,L1,文化・芸術
市|新潟,令和8年度新潟市表彰プロモーション業務委託に係る受託者選定プロポーザルの実施について,https://www.city.niigata.lg.jp/shisei/gaiyo/meiyo/080818.html,L1,プロモーション
市|新潟,令和7年度新潟市HPVワクチン普及啓発広告制作・広報業務委託の公募型プロポーザル実施について,https://www.city.niigata.lg.jp/iryo/kenko/hokenkenko/R7HPVproposal.html,L2,プロモーション
市|新潟,令和7年度 新潟市市民ウオーキングチャレンジ広報業務委託に係る公募型プロポーザルの結果について,https://www.city.niigata.lg.jp/iryo/kenko/hokenkenko/hokeneisei.html,L2,プロモーション
市|新潟,令和8年度：江南区文化会館事業企画・実施運営業務委託に係る公募型プロポーザルについて 選定結果を公開しました,https://www.city.niigata.lg.jp/kurashi/ku_info/kurashi_konan/bunka-sport/bunkakaikan/oshirase/bunkak_itaku.html,L2,文化・芸術
市|新潟,「温泉を軸とした広域連携プロモーション業務」委託業者選定プロポーザルについて【選定結果公表】,https://www.city.niigata.lg.jp/nishikan/about/kankou/onsen_promotion.html,L2,プロモーション
市|新潟,令和7年度新潟市学生×地域の魅力探求プロジェクト企画・運営業務実施にかかる公募型プロポーザルについて,https://www.city.niigata.lg.jp/jigyo/koyotobira.html,L2,プロモーション
市|新潟,令和8年度：江南区文化会館事業企画・実施運営業務委託に係る公募型プロポーザルについて,https://www.city.niigata.lg.jp/kurashi/ku_info/kurashi_konan/bunka-sport/bunkakaikan/oshirase/bunkak_itaku.html,L2,文化・芸術
市|新潟,一般競争入札の実施について（江南区文化会館ホール管理業務委託）,https://www.city.niigata.lg.jp/kurashi/ku_info/kurashi_konan/bunka-sport/bunkakaikan/oshirase/bunka1-1.html,L2,文化・芸術
市|静岡,【選定結果の公表】公募型プロポーザル「静岡市移住プロモーション業務」,https://www.city.shizuoka.lg.jp/s2934/s013104.html,L2,プロモーション
市|静岡,葵区広報キャラクターの募集,https://www.city.shizuoka.lg.jp/s9728/s013737.html,L2,プロモーション
市|静岡,【選定結果の公表】公募型プロポーザル「SDGs推進イベント事業会場設営及び運営業務」,https://www.city.shizuoka.lg.jp/s2934/s013132.html,L2,展示会・出展
市|静岡,【選定結果の公表】公募型プロポーザル「『静岡市のお茶』ブランド力向上に向けたマーケティング戦略構築等業務」,https://www.city.shizuoka.lg.jp/s5436/s013055.html,L2,プロモーション
市|静岡,【選定結果の公表】公募型プロポーザル「旅行予約サイト等を活用したツアープランコンテスト実施業務」,https://www.city.shizuoka.lg.jp/jigyousyabosyu/s013077.html,L2,観光・誘客
市|静岡,【審査結果の公表】公募型プロポーザル「文化施設貸館システム構築業務」,https://www.city.shizuoka.lg.jp/s9635/s013769.html,L2,文化・芸術
市|静岡,指定管理者募集「静岡市工芸と歴史の体験施設「駿府匠宿」」,https://www.city.shizuoka.lg.jp/s2746/s013141.html,L2,工芸・地域産品
市|静岡,フランスのアンテナショップ「GOEN」への出展者募集,https://www.city.shizuoka.lg.jp/s2746/s013101.html,L2,展示会・出展
市|静岡,【選定結果の公表】公募型プロポーザル「食品関連海外展開支援実施業務」,https://www.city.shizuoka.lg.jp/s2746/s013120.html,L2,海外展開
市|静岡,公募型プロポーザル「『第38回日本ものづくりワールド機械要素技術展』静岡市共同出展ブースに係る設営等業務」,https://www.city.shizuoka.lg.jp/s2746/s003750.html,L2,展示会・出展/工芸・地域産品
市|浜松,令和8年度浜松市認定地域クラブ活動「はまクル」応援企業等参画意向調査及び広報業務委託（公募型プロポーザル方式）,https://www.city.hamamatsu.shizuoka.jp/renkei/chiikitenkai.html,L2,プロモーション
市|浜松,海外展示会「Bharat Mobility GLOBAL EXPO 2027 The Components ＆ Technology Show」への共同出展企業の募集について（8月20日）,https://www.city.hamamatsu.shizuoka.jp/sangyoshinko/boshu.html,L2,海外展開/展示会・出展
市|浜松,【募集】家康公祭り2026「浜松パワーフードPRブース」（2026年11月21日、22日）の出店者を募集します！（7月24日）,https://www.city.hamamatsu.shizuoka.jp/nousei/event/powerfoodpark2025.html,L2,展示会・出展/文化・芸術/プロモーション
市|浜松,第5回ドローンサミット浜松市ブースの共同出展企業募集について（7月3日）,https://www.city.hamamatsu.shizuoka.jp/sangyoshinko/shinsangyo/drone/r8drone-summit-boshu.html,L2,展示会・出展
市|浜松,令和8年度浜松市認定地域クラブ活動「はまクル」応援企業等参画意向調査及び広報業務委託（公募型プロポーザル方式）（7月2日）,https://www.city.hamamatsu.shizuoka.jp/renkei/chiikitenkai.html,L2,プロモーション
市|浜松,【商談会開催】ホテルレストランでの浜松・浜名湖フェアに使用する農林水産物・加工品の募集について（6月23日）,https://www.city.hamamatsu.shizuoka.jp/nousei/event/r8_jal_syodankai.html,L2,展示会・出展
市|浜松,Bharat Mobility GLOBAL EXPO 2027 The Components & Technology Show出展に係る浜松市ブース出展登録及び装飾等業務（公募型プロポーザル）【浜松市海外経済交流推進協議会】（6月19日）,https://www.city.hamamatsu.shizuoka.jp/sangyoshinko/bid/mobilityshow.html,L2,海外展開/展示会・出展
市|浜松,令和8年度市内中小企業海外展開支援国内輸出商社等商談会開催運営業務（公募型プロポーザル方式）【浜松市海外経済交流推進協議会】（6月12日）,https://www.city.hamamatsu.shizuoka.jp/sangyoshinko/bid/syoudankai.html,L2,海外展開/展示会・出展
市|名古屋,広報なごや紙面広告募集チラシ （PDF 3.7 MB）,https://www.city.nagoya.jp/_res/projects/default_project/_page_/001/014/242/2026_koukokuboshu.pdf,L1,プロモーション
市|名古屋,広報なごや紙面広告掲載申込要領 (令和8年11月号・12月号・令和9年1月号本募集分） （PDF 625.7 KB）,https://www.city.nagoya.jp/_res/projects/default_project/_page_/001/014/242/mousikomisyo_2026.11-2027.1.pdf,L1,プロモーション
市|名古屋,広報なごや紙面広告掲載申込書 (令和8年11月号・12月号・令和9年1月号本募集分） （Word 23.1 KB）,https://www.city.nagoya.jp/_res/projects/default_project/_page_/001/014/242/mousikomisyo2026.11-2027.1.docx,L1,プロモーション
市|名古屋,広報なごや紙面広告掲載申込要領 (令和8年8月号・9月号・10月号再募集分） （PDF 625.5 KB）,https://www.city.nagoya.jp/_res/projects/default_project/_page_/001/014/242/r8.8.9.10.sai2.kokokukeisaiyoryo.pdf,L1,プロモーション
市|名古屋,広報なごや紙面広告掲載申込書 (令和8年8月号・9月号・10月号再募集分） （Word 21.3 KB）,https://www.city.nagoya.jp/_res/projects/default_project/_page_/001/014/242/mousikomisyo2026.8-2026.10sai.docx,L1,プロモーション
市|名古屋,名古屋学生映画祭作品募集 （PDF 1.4 MB）,https://www.city.nagoya.jp/_res/projects/default_project/_page_/001/048/842/26.5.31boshu.pdf,L2,文化・芸術
市|名古屋,第21回桜二胡音楽会への小中学生特別二胡演奏参加者募集 （PDF 4.0 MB）,https://www.city.nagoya.jp/_res/projects/default_project/_page_/001/046/373/26.3.29-4.5sakuraniko-new2.pdf,L2,文化・芸術
市|神戸,国際女性デーイベント「BE YOU in KOBE」企画運営業務【事業者募集】,https://www.city.kobe.lg.jp/a38629/sdgs/jigyoussya_bosyu_beyou.html,L1,海外展開
市|神戸,神戸開港160年祭広報業務【事業者募集】,https://www.city.kobe.lg.jp/a44800/business/kowanjigyo/160th_anniversary.html,L1,文化・芸術/プロモーション
市|神戸,ポートアイランド（第2期）研究・文化施設用地A 2026年度（第1回）公募,https://www.city.kobe.lg.jp/a26136/kigyoyuchi-koubo/2026_kenbun1.html,L1,文化・芸術
市|北九州,「第16回北九州風景街道フォト＆アートコンテスト」の作品募集を開始します,https://www.city.kitakyushu.lg.jp/contents/v05600047.html,L2,文化・芸術
市|北九州,北九州市立黒崎文化ホール・北九州市立八幡西図書館の指定管理者を募集します,https://www.city.kitakyushu.lg.jp/contents/265_00052.html,L2,文化・芸術
市|福岡,"福岡市内1,700の公園 官民連携で公園をもっと魅力的に！～民間活力導入に向けた意見を募集します～",https://www.city.fukuoka.lg.jp/jutaku-toshi/midorikatuyou/toshikouen_sounding.html,L2,プロモーション
市|熊本,【入札関係】山後遺跡第7次調査区及び小野野中遺跡第3次調査区埋蔵文化財発掘調査業務委託に係る一般競争入札について,https://www.city.kumamoto.jp/kiji00372385/index.html,L1,文化・芸術
市|熊本,【審査結果】【公募型プロポーザル】熊本市広報効果検証及び戦略的活用提案業務委託について,https://www.city.kumamoto.jp/kiji00371765/index.html,L1,プロモーション
市|熊本,【入札関係】老朽化等に伴う観光案内サイン撤去業務委託,https://www.city.kumamoto.jp/kiji00372522/index.html,L1,観光・誘客
市|熊本,【入札関係】ふれあい文化センタートイレ洋式化一部改修業務委託に係る条件付一般競争入札について,https://www.city.kumamoto.jp/kiji00371949/index.html,L1,文化・芸術
市|熊本,【審査結果】MICE誘致プロモーション業務委託（公募型プロポーザル）,https://www.city.kumamoto.jp/kiji00371666/index.html,L1,観光・誘客/プロモーション
市|熊本,契約締結前の公表（令和7年度（2025年度）熊本市植木文化センター施設管理業務委託）について,https://www.city.kumamoto.jp/kiji00363060/index.html,L2,文化・芸術
市|熊本,【参加事業者大募集】台湾への販路拡大セミナー＆個別商談会・現地フェア説明会の参加者募集について,https://www.city.kumamoto.jp/kiji00372478/index.html,L2,展示会・出展
市|chiyoda区,令和8年度文化財調査指導員（会計年度任用職員）の募集,https://www.city.chiyoda.lg.jp/koho/kuse/jinji/boshu/hijokin/chosashidoin.html,L1,文化・芸術
市|chiyoda区,千代田区文化芸術プラン（第5次）素案に対する意見募集の結果公表,https://www.city.chiyoda.lg.jp/koho/kuse/sankaku-kyodo/p-comment/2025/20260105-4.html,L1,文化・芸術
市|chiyoda区,千代田区住宅宿泊事業の実施に関する条例及び千代田区旅館業法施行条例の一部改正について（素案）に対する意見募集の結果公表,https://www.city.chiyoda.lg.jp/koho/kuse/sankaku-kyodo/p-comment/2025/20260105.html,L1,観光・誘客
市|chiyoda区,千代田区まちづくり支援ステーション～シティハブ～のあり方（素案）対する意見募集の結果公表,https://www.city.chiyoda.lg.jp/koho/kuse/sankaku-kyodo/p-comment/2024/20250305.html,L1,プロモーション
市|chiyoda区,「（仮称）千代田区教育と文化に関する大綱（案）」および「（仮称）千代田区子育て・教育ビジョン（素案）」に対する意見募集の結果公表,https://www.city.chiyoda.lg.jp/koho/kuse/sankaku-kyodo/p-comment/2023/20240205-1.html,L1,文化・芸術
市|chiyoda区,新ちよだアートスクエア基本構想（素案）に対する意見募集の結果公表,https://www.city.chiyoda.lg.jp/koho/kuse/sankaku-kyodo/p-comment/2022/20230205-1.html,L1,文化・芸術
市|chiyoda区,千代田区文化芸術プラン（第四次）素案に対する意見募集の結果公表,https://www.city.chiyoda.lg.jp/koho/kuse/sankaku-kyodo/p-comment/2021/20210120-1.html,L2,文化・芸術
市|taito区,本庁舎屋上モデルガーデンの出展企業を募集しています,https://www.city.taito.lg.jp/kenchiku/hanamidori/ryokukasuishin/03420130111111623073.html,L1,展示会・出展
市|taito区,【出品者募集】浅草文化観光センターでインバウンドを対象とした商品マーケティングリサーチを実施します！,https://www.city.taito.lg.jp/bunka_kanko/other/mkt_research2026.html,L1,海外展開/文化・芸術/観光・誘客
市|taito区,【募集終了】地域活動体験講座〈文化・芸能編〉「遊びの力は無限大！地域に暮らす人と『昔遊び』で交流しよう ～みんなで考える遊びプログラム～」受講者募集,https://www.city.taito.lg.jp/gakushu/shogaigakushu/kozaeventannai/taitokumin/R8tiikikatsudou.html,L1,文化・芸術
市|taito区,台東区観光マナー啓発プロモーション業務委託の優先交渉権者が決定いたしました,https://www.city.taito.lg.jp/jigyosha/keiyaku/proposal/manner20260602.html,L1,観光・誘客/プロモーション
市|taito区,『有償観光ガイド・スキルアップセミナー（花柳界編）』参加者募集,https://www.city.taito.lg.jp/bunka_kanko/other/guide2025.html,L2,観光・誘客
市|taito区,【観光関連事業者向け】『FAMトリップ 台東区に息づく祭り文化の神髄に迫る』参加事業者募集,https://www.city.taito.lg.jp/bunka_kanko/other/fes2024.html,L2,文化・芸術/観光・誘客
市|taito区,【終了】『有償観光ガイド・スキルアップセミナー（花柳界編）』参加者募集,https://www.city.taito.lg.jp/bunka_kanko/other/guide2024.html,L2,観光・誘客
市|taito区,【観光関連事業者向け】『FAMトリップ 吉原ツアー （蔦屋重三郎特別編）』参加事業者募集,https://www.city.taito.lg.jp/bunka_kanko/other/guide.html,L2,観光・誘客
市|taito区,『文化体験・観光施設視察ツアー』参加者募集,https://www.city.taito.lg.jp/bunka_kanko/other/shisatu.html,L2,文化・芸術/観光・誘客
市|taito区,「台東区・有償観光ガイドスキルアップセミナー」参加者募集,https://www.city.taito.lg.jp/bunka_kanko/other/guideikusei.html,L2,観光・誘客
市|meguro区,（令和8年度の募集は終了しました）目黒区自然宿泊体験教室の指導員を募集しています,https://www.city.meguro.tokyo.jp/gakkouunei/kusei/jinjisaiyou/shizensyukuhakushidoin.html,L1,観光・誘客
市|ota区,【OTAS】大田区企業とものづくりをしたい企業を募集中！,https://www.city.ota.tokyo.jp/sangyo/hicity/pio/topics/otas.html,L1,工芸・地域産品
市|ota区,【募集を締切ました】人材確保のための「新しいものづくり」プロモーション事業の委託先事業者を募集します（プロポーザル方式）,https://www.city.ota.tokyo.jp/sangyo/kogyo/topics/monozukuri_proposal.html,L1,工芸・地域産品/プロモーション
市|ota区,人材確保のための「新しいものづくり」プロモーション事業業務委託に係る公募型プロポーザルの選定結果について,https://www.city.ota.tokyo.jp/sangyo/kogyo/topics/monozukuri_proposal_kekka.html,L1,工芸・地域産品/プロモーション
市|ota区,姉妹都市セーラム市との交流事業に伴う旅行業務委託業者の選定結果について,https://www.city.ota.tokyo.jp/jigyousha/boshuu_shitei/salem_proposal_result.html,L1,観光・誘客
市|ota区,令和8年度外国人及び帰国児童・生徒日本語特別指導業務委託に係る公募型プロポーザルの選定結果について,https://www.city.ota.tokyo.jp/kyouiku/topics/nihonngokekka.html,L1,海外展開
市|ota区,新たな文化芸術活動拠点の検討に係る事業可能性調査等業務支援委託に係る公募型プロポーザルの選定結果について,https://www.city.ota.tokyo.jp/jigyousha/boshuu_shitei/bunka-katsudou-kyoten_chousa.html,L1,文化・芸術
市|ota区,大田区議会セーラム市親善訪問の実施に伴う旅行業務委託事業者の選定結果について,https://www.city.ota.tokyo.jp/jigyousha/boshuu_shitei/R8_kugikai_salem_kekka.html,L1,観光・誘客
市|ota区,【募集終了】大田区議会セーラム市親善訪問の実施に伴う旅行業務委託事業者を募集します,https://www.city.ota.tokyo.jp/jigyousha/boshuu_shitei/se-ramshisentei.html,L1,観光・誘客
市|shibuya区,2026年6月29日渋谷区文化総合センター大和田の指定管理者を公募します事業者向け情報,https://www.city.shibuya.tokyo.jp/jigyosha/proposal/proposal/owada_shiteikanri.html,L2,文化・芸術
市|toshima区,広報紙「広報としま」広告掲載募集について(詳細),https://www.city.toshima.lg.jp/012/kuse/koho/020058/007047.html,L1,プロモーション
市|toshima区,区広報紙「広報としま」広告掲載募集,https://www.city.toshima.lg.jp/012/kuse/koho/020058/007047.html,L1,プロモーション
市|itabashi区,「広報いたばし」広告募集,https://www.city.itabashi.tokyo.jp/koho/1007854.html,L1,プロモーション
市|itabashi区,広報いたばし有料広告募集,https://www.city.itabashi.tokyo.jp/koho/1007854.html,L2,プロモーション
市|edogawa区,令和8年度多文化共生センター会計年度任用職員（多文化共生推進員）募集,https://www.city.edogawa.tokyo.jp/e083/kuseijoho/saiyoboshu/rinjisaiyoboshu/kaikei5.html,L1,文化・芸術
市|edogawa区,令和8年度 文化課文化振興係 会計年度任用職員（文化振興専門員）募集,https://www.city.edogawa.tokyo.jp/e026/kuseijoho/saiyoboshu/rinjisaiyoboshu/080401bun.html,L1,文化・芸術
市|edogawa区,令和7年度多文化共生センター会計年度任用職員（常勤代替フルタイム）募集,https://www.city.edogawa.tokyo.jp/e083/kuseijoho/saiyoboshu/rinjisaiyoboshu/kaikei4.html,L1,文化・芸術
市|青森,青森市魅力発信ASMR動画制作及び広告配信業務公募型プロポーザルの実施結果,https://www.city.aomori.aomori.jp/sangyo_koyou/jigyosha/1004700/1009059.html,L1,プロモーション
市|青森,青森市ふるさと納税プロモーション戦略策定業務公募型プロポーザルの実施結果について,https://www.city.aomori.aomori.jp/sangyo_koyou/jigyosha/1004700/1010485.html,L1,プロモーション
市|青森,青森市文化観光交流施設 ねぶたミュージアム内投影映像製作業務委託に係る公募型プロポーザルの実施結果,https://www.city.aomori.aomori.jp/sangyo_koyou/jigyosha/1004700/1005371.html,L1,文化・芸術/観光・誘客
市|青森,広報あおもりの掲載広告募集,https://www.city.aomori.aomori.jp/sangyo_koyou/jigyosha/1004980/1004981.html,L1,プロモーション
市|青森,文化施設ネーミングライツ・スポンサー募集,https://www.city.aomori.aomori.jp/sangyo_koyou/jigyosha/1004987/1004988.html,L1,文化・芸術
市|青森,観光施設ネーミングライツ・スポンサー募集,https://www.city.aomori.aomori.jp/sangyo_koyou/jigyosha/1004987/1004990.html,L1,観光・誘客
市|郡山,市内旅館等宿泊支援事業「こおりやま開拓クーポン」企画運営業務に係る公募型プロポーザルの実施について,https://www.city.koriyama.lg.jp/site/keiyakuportal/186671.html,L1,観光・誘客
市|郡山,観光政策課所管のその他の業務委託,https://www.city.koriyama.lg.jp/site/keiyakuportal/2599.html,L2,観光・誘客
市|宇都宮,広報うつのみやへの広告募集,https://www.city.utsunomiya.tochigi.jp/kurashi/oshiraselist/koukoku/1026775.html,L1,プロモーション
市|川越,住民票・戸籍・印鑑・葬祭業務・マイナンバーカード［よくある質問］,https://www.city.kawagoe.saitama.jp/faq/faq-koseki/index.html,L1,文化・芸術
市|船橋,第20回ふなばし健康まつり協賛・出展者等を募集します(6月14日),https://www.city.funabashi.lg.jp/event/festival/p116262.html,L1,展示会・出展
市|船橋,【受託候補者を特定しました】旅行雑誌型フリーマガジン制作業務に関するプロポーザルの実施について(令和8(2026)年7月29日),https://www.city.funabashi.lg.jp/jigyou/nyusatsu/001/p127732.html,L2,観光・誘客
市|東大阪,東大阪市保育人材確保プロモーション業務委託に係る公募型プロポーザルを実施します,https://www.city.higashiosaka.lg.jp/0000044935.html,L1,プロモーション
市|東大阪,【終了しました】東大阪市「2025大阪・関西万博 自治体参加催事」出展支援業務委託契約に係るプロポーザル参加事業者を募集します,https://www.city.higashiosaka.lg.jp/0000040239.html,L1,展示会・出展
市|東大阪,東大阪市「2025大阪・関西万博 自治体参加催事」出展支援業務委託契約に係るプロポーザルの選考結果,https://www.city.higashiosaka.lg.jp/0000040451.html,L1,展示会・出展
市|東大阪,東大阪市魅力アピールコンテンツ映像発信事業業務の委託事業者の選定に係る公募型プロポーザルの結果について,https://www.city.higashiosaka.lg.jp/0000035985.html,L1,文化・芸術/プロモーション
市|姫路,首都圏、大阪圏向け動画プロモーション業務委託公募型プロポーザル,https://www.city.himeji.lg.jp/sangyo/0000033989.html,L1,プロモーション
市|姫路,播磨圏域における観光客データ分析結果を踏まえたモデルコース設計等業務委託に係る公募型プロポーザル受付終了,https://www.city.himeji.lg.jp/sangyo/0000033668.html,L1,観光・誘客
市|姫路,姫路市宿泊型児童館の指定管理者の募集,https://www.city.himeji.lg.jp/kurashi/0000033708.html,L1,観光・誘客
市|尼崎,【入札中止】尼崎市総合文化センター耐震化事業について,https://www.city.amagasaki.hyogo.jp/sangyo/zigyousya/co_bosyu/1041465.html,L1,文化・芸術
市|尼崎,【結果公表】尼崎市PR動画作成に係る公募型プロポーザルの実施について,https://www.city.amagasaki.hyogo.jp/sangyo/zigyousya/co_bosyu/1034787.html,L1,プロモーション
市|尼崎,【結果公表】尼崎市総合文化センター耐震化事業に係る発注者支援業務の事業者募集について,https://www.city.amagasaki.hyogo.jp/sangyo/zigyousya/co_bosyu/1039452.html,L1,文化・芸術
市|尼崎,【結果公表】尼崎市情報発信支援業務公募型プロポーザルの実施について,https://www.city.amagasaki.hyogo.jp/sangyo/zigyousya/co_bosyu/1027874.html,L1,プロモーション
市|鳥取,第49回鳥取市木のまつり出展者募集,https://www.city.tottori.lg.jp/page/46380.html,L1,展示会・出展
市|鳥取,SNSを活用した広報・広聴推進に係る伴走型支援事業公募型プロポーザルの審査結果について,https://www.city.tottori.lg.jp/page/47407.html,L1,プロモーション
市|鳥取,SNSを活用した広報・広聴推進に係る伴走型支援事業公募型プロポーザルの実施について,https://www.city.tottori.lg.jp/page/44757.html,L1,プロモーション
市|鳥取,【第2回募集開始】令和8年度鳥取市山陰海岸ジオパーク魅力活用総合補助金について,https://www.city.tottori.lg.jp/page/5339.html,L1,プロモーション
市|倉敷,令和8年度倉敷市移住プロモーション業務 公募型プロポーザルの実施について,https://www.city.kurashiki.okayama.jp/business/contract/1013065/1014315/1014415/1025531.html,L1,プロモーション
市|福山,【再募集】備後圏域周遊観光推進事業委託プロポーザルについて,https://www.city.fukuyama.hiroshima.jp/soshiki/kanko/406534.html,L1,観光・誘客
市|福山,福山市登録文化財周知啓発業務に係る公募型プロポーザルの実施について,https://www.city.fukuyama.hiroshima.jp/soshiki/bunka/408213.html,L1,文化・芸術
市|福山,２０２７年国際園芸博覧会 福山市出展総合プロデュース・広報業務に係るプロポーザルの実施について,https://www.city.fukuyama.hiroshima.jp/site/rosetownfukuyama/407752.html,L1,海外展開/展示会・出展/プロモーション
市|下関,「市長公室国際課執務室の移転に伴う物品等移転業務」に係る条件付き一般競争入札の実施について,https://www.city.shimonoseki.lg.jp/site/nyuusatu/161588.html,L1,海外展開
市|下関,第20回下関市芸術文化祭作品募集について（文芸部門、美術部門）,https://www.city.shimonoseki.lg.jp/soshiki/67/159079.html,L1,文化・芸術
市|下関,下関市観光客人流データ活用分析業務に係る公募型プロポーザルの実施について,https://www.city.shimonoseki.lg.jp/site/nyuusatu/161035.html,L2,観光・誘客
市|松山,インバウンド誘客・受入セミナーの参加者を募集します,https://www.city.matsuyama.ehime.jp/bosyu/154141.html,L1,海外展開/観光・誘客
市|松山,令和8年度「まつやま環境フェア」啓発ブースへの出展企業・団体等を募集します,https://www.city.matsuyama.ehime.jp/bosyu/r8kankyoufairbosyu.html,L1,展示会・出展
市|松山,えひめ・まつやま産業まつり すごいもの博2026のブース出展者を募集します,https://www.city.matsuyama.ehime.jp/bosyu/sugoimonohaku2026.html,L1,展示会・出展
市|松山,【募集終了】「松山市観光振興計画策定会議」の委員を募集します,https://www.city.matsuyama.ehime.jp/bosyu/keikakukaigiiin.html,L1,観光・誘客
市|松山,【募集終了】地域資源を学び、「謎解き」しながら親子で巡ろう！松山まんなかウォークの参加者を募集します,https://www.city.matsuyama.ehime.jp/bosyu/R8_mannaka.html,L1,工芸・地域産品
市|松山,令和7年度「まつやま環境フェア」子育て応援リユースマーケットの出店者を募集します ※募集は終了しました,https://www.city.matsuyama.ehime.jp/bosyu/r7reusemarket.html,L1,展示会・出展
市|松山,観光DXセミナー（2回目）の参加者を募集します,https://www.city.matsuyama.ehime.jp/bosyu/kankoDXseminar.html,L1,観光・誘客
市|松山,令和7年度「まつやま環境フェア」啓発ブースへの出展企業・団体等を募集します ※募集は終了しました,https://www.city.matsuyama.ehime.jp/bosyu/r7kankyoufair.html,L1,展示会・出展
市|松山,【募集終了】えひめ・まつやま産業まつり すごいもの博2025 のブース出展者を募集します,https://www.city.matsuyama.ehime.jp/bosyu/sugoimonohaku2025.html,L1,展示会・出展
市|松山,木質化で木の良さをPRしてくれる施設を募集します！,https://www.city.matsuyama.ehime.jp/kurashi/sangyo/noringyo/ringyo/mokushitsuka.html,L1,プロモーション
市|松山,松山城センターゾーン 松山まんなかウォーク～地域資源をめぐってかるた集め～の参加者を募集します,https://www.city.matsuyama.ehime.jp/bosyu/r6center.html,L1,工芸・地域産品
市|松山,【募集終了】えひめ・まつやま産業まつり「すごいもの博2024」のブース出展者を募集します,https://www.city.matsuyama.ehime.jp/bosyu/sugoimonohaku2024.html,L1,展示会・出展
市|松山,【募集終了】松山市地域振興構想策定に関する地域の魅力発信ワークショップの参加者を募集します,https://www.city.matsuyama.ehime.jp/bosyu/08180929ws.html,L1,プロモーション
市|松山,【結果公表】松山市文化財保存活用地域計画（案）に対する市民意見公募手続の実施結果を公表します,https://www.city.matsuyama.ehime.jp/bosyu/tiikikeikaku_bunka.html,L1,文化・芸術
市|松山,まちなか文化活動補助金【まつやまライブ！まちなかパフォーマンス事業】を募集します,https://www.city.matsuyama.ehime.jp/bosyu/machi2.html,L1,文化・芸術
市|松山,BANBAN魅力発見！坊っちゃんスタジアムベースボールDAYの参加者を募集します,https://www.city.matsuyama.ehime.jp/kanko/event/bunka/botchanstadium_event.html,L1,プロモーション
市|松山,【結果公表】第二期松山市文化芸術振興計画（案）に対する意見公募手続の実施結果を公表します,https://www.city.matsuyama.ehime.jp/bosyu/bunkei2.html,L1,文化・芸術
市|松山,県内向けプロモーション業務委託（公募型プロポーザル方式）（広域観光連携推進協議会）,https://www.city.matsuyama.ehime.jp/bosyu/kouikirenkei.html,L1,観光・誘客/プロモーション
市|松山,市指定有形文化財「掩体壕」と「平和資料展」の見学会の参加者を募集します,https://www.city.matsuyama.ehime.jp/bosyu/kengakukai.html,L1,文化・芸術
市|松山,松山MICEブランドタグラインロゴマーク等制作業務委託（（公財）松山観光コンベンション協会）,https://www.city.matsuyama.ehime.jp/bosyu/micetaguline.html,L1,観光・誘客/プロモーション
市|松山,愛媛を訪れる外国人観光客への「愛顔（えがお）のおもてなし講座」の参加者を募集します,https://www.city.matsuyama.ehime.jp/bosyu/omotenashi-kouza.html,L1,海外展開/観光・誘客
市|松山,「誘客多角化等のための魅力的な滞在コンテンツ造成」実証実験（第二次）への提案を行う事業者について【募集】,https://www.city.matsuyama.ehime.jp/bosyu/yuukyakutakakuka2.html,L1,文化・芸術/観光・誘客/プロモーション
市|高知,令和8年度高知市二段階移住プロモーション業務委託に関する契約の締結について,https://www.city.kochi.kochi.jp/soshiki/117/r8-nidannkaiiju-pr.html,L1,プロモーション
市|高知,【事業者募集】れんけいこうち大物産展 土佐の豊穣祭inとさのさと,https://www.city.kochi.kochi.jp/soshiki/204/tosanohojosai.html,L1,工芸・地域産品/文化・芸術
市|高知,こうちプレミアム現地商談会（販路拡大セミナー含む）の募集について,https://www.city.kochi.kochi.jp/soshiki/204/syoudannkai.html,L1,展示会・出展
市|高知,高知市シティプロモーション事業委託業務公募型プロポーザルに関する質疑について,https://www.city.kochi.kochi.jp/soshiki/80/citypromotionshitsugi.html,L2,プロモーション
市|高知,高知市シティプロモーション事業委託業務公募型プロポーザルの実施について,https://www.city.kochi.kochi.jp/soshiki/80/kochicitypromotionkoubo.html,L2,プロモーション
市|高知,関西圏での外商促進に係る物産展等開催運営業務公募型プロポーザルに関する質疑について,https://www.city.kochi.kochi.jp/soshiki/204/kansaishitsugi.html,L2,工芸・地域産品
市|高知,関西圏での外商促進に係る物産展等開催運営業務公募型プロポーザルの実施について,https://www.city.kochi.kochi.jp/soshiki/204/kansaikensijyoutyousa.html,L2,工芸・地域産品
市|大分,令和8年度埋蔵文化財発掘調査関連委託業務発注見込み（年間）についてお知らせします,https://www.city.oita.oita.jp/o204/r8hattyuumikomi.html,L1,文化・芸術
市|大分,一般競争入札「アーティストバンク推進事業に係るイベント開催支援業務委託」を行います（文化振興課）,https://www.city.oita.oita.jp/o016/r8poartmonthnyuusatsu.html,L1,文化・芸術
市|大分,一般競争入札「大分市が舞台の短編映画『デイズ』WEB広告」を行います（広聴広報課）,https://www.city.oita.oita.jp/o029/advertisement.html,L1,プロモーション
市|大分,「OITAものづくり展2026」工場見学バスツアー参加者を募集します！,https://www.city.oita.oita.jp/o154/oitamonozukuri2026koujyoukenngaku.html,L1,工芸・地域産品
市|宮崎,2026年8月14日「宮崎市清武文化会館」の指定管理者を募集します,https://www.city.miyazaki.miyazaki.jp/business/private_consignment/354002.html,L1,文化・芸術
市|宮崎,2026年8月5日宮崎市でアート活動に取り組まれている方を募集します,https://www.city.miyazaki.miyazaki.jp/culture/art/414283.html,L1,文化・芸術
市|鹿児島,ユニバーサルツーリズムに係る情報発信のための現況取材にご協力いただける施設を募集します,https://www.city.kagoshima.lg.jp/kan-senryaku/yuniba-sarutu-rizumu.html,L1,プロモーション
市|鹿児島,令和8年度「西郷まちなか博覧会」参画プログラム（体験メニュー等）を募集します！（西郷隆盛生誕200年・没後150年記念プロジェクト推進事業）,https://www.city.kagoshima.lg.jp/kan-suishin/saigou-setumeikai.html,L1,展示会・出展
市|鹿児島,鹿児島ファン拡大アンバサダー情報発信業務委託契約に係る企画提案競技参加者の資格（告示）（4月7日質疑応答更新）,https://www.city.kagoshima.lg.jp/kan-senryaku/ambassador07.html,L1,プロモーション
市|鹿児島,令和7年度立地企業PR職場見学会開催業務委託契約に係る企画提案競技（4月3日質疑応答更新）,https://www.city.kagoshima.lg.jp/san-sousyutu/r7syokubakengakukai_kokuji.html,L1,プロモーション
市|鹿児島,令和8年度外国人留学生ツアー型職場見学会実施業務委託契約に係る制限付き一般競争入札（公告）,https://www.city.kagoshima.lg.jp/koyosuishin/gaikokuzinryuugakuseitua-gatasyokubakenngakukai2025.html,L1,海外展開
市|鹿児島,鹿児島市認知度向上プロモーション等業務委託契約に係る企画提案競技（告示）（4月3日質疑応答更新）,https://www.city.kagoshima.lg.jp/kikakuzaisei/zaisei/zaisei/shise/yosan/oensite/08furusato-kikakuteian-2.html,L1,プロモーション
市|鹿児島,令和8年度労政広報紙「中小企業のひろば」作成業務委託契約に係る企画提案競技（告示）,https://www.city.kagoshima.lg.jp/koyosuishin/tyushokigyounohiroba.html,L1,プロモーション
市|鹿児島,【令和8年度の募集は終了しました】「竹工芸技能者育成講座」受講生募集のお知らせ,https://www.city.kagoshima.lg.jp/san-shien/takekougeiginousyaikusei.html,L1,工芸・地域産品
市|鹿児島,市民アートギャラリー展示作品募集,https://www.city.kagoshima.lg.jp/shimin/shiminbunka/bunkashinko/shiminartgallery_boshu.html,L1,文化・芸術
市|那覇,観光入込統計調査業務に係る制限付き一般競争入札の実施,https://www.city.naha.okinawa.jp/business/touroku/1003701/1010948/1012399.html,L1,観光・誘客
市|那覇,令和8年度那覇文化芸術劇場なはーとフロントスタッフ業務および展示監視業務委託に係る事後審査型制限付一般競争入札の実施,https://www.city.naha.okinawa.jp/business/touroku/1003701/1010948/1011710.html,L1,文化・芸術
市|那覇,令和8年度 真地久茂地線街路整備事業に伴う埋蔵文化財発掘調査業務委託に係る制限付一般競争入札の実施,https://www.city.naha.okinawa.jp/business/touroku/1003701/1010948/1012347.html,L1,文化・芸術
市|那覇,令和8年度「広報なは市民の友」等制作業務委託契約に係る制限付き一般競争入札,https://www.city.naha.okinawa.jp/business/touroku/1003701/1010948/1011148.html,L1,プロモーション
市|那覇,令和8年那覇市戦没者追悼式（第31回なぐやけの碑慰霊祭） 会場設営等業務委託に係る制限付き一般競争入札の実施,https://www.city.naha.okinawa.jp/business/touroku/1003844/1010980/1012471.html,L1,展示会・出展/文化・芸術
国|伝産協会,令和8年度「伝統的工芸品公募作品展」作品募集のお知らせ,https://kyokai.kougeihin.jp/association_info/20260703/,L1,工芸・地域産品
国|伝産協会,（2026/07/09 締切り）「日本の伝統工芸士ナビ」掲載内容の収集及び登録用データ作成の公募について【企画競争】,https://kyokai.kougeihin.jp/association_info/20260626/,L1,工芸・地域産品
国|伝産協会,（2026/07/03 9:30 締切り）「2026年度 伝統的工芸品月間全国大会関連催事」物流（一括搬入・搬出）業務の入札について,https://kyokai.kougeihin.jp/association_info/20260612/,L1,工芸・地域産品
国|伝産協会,（2026/06/16 12:00 締切り）令和8年度「伝統的工芸品公募作品展」作品管理・展示・輸送等業務委託【企画公募】,https://kyokai.kougeihin.jp/association_info/20260602/,L1,工芸・地域産品
国|JETRO,インド市場開拓コンサルティング：ビジネスマッチング、インド市場進出全般、貿易、斡旋業務、社会課題解決 IJ懸け橋サービシス株式会社 商社 通訳・翻訳 人材・労務管理 会計・税務 動画・写真 信用調査・市場調査・戦略策定 海外渡航支援・イベント支援 BtoBマッチング支援 マーケティング支援 現地法人設立支援・運営支援 展示会出展支援 インド 市場進出支援、ビジネスサポート、市場調査など 詳細を見る,https://www.jetro.go.jp/theme/export/js-links/2026/266.html,L1,海外展開/展示会・出展
国|JETRO,ヨーロッパ地域への赴任サポート/オランダでのオフィスワーク関連の業務代行 office unikk plus B.V. 通訳・翻訳 人材・労務管理 会計・税務 海外渡航支援・イベント支援 現地法人設立支援・運営支援 フランス ドイツ イタリア スペイン その他欧州・CIS 日欧に精通したプロによる、赴任支援と業務代行の伴走サポート 詳細を見る,https://www.jetro.go.jp/theme/export/js-links/2026/264.html,L1,海外展開
国|JETRO,ビジネストラベル（業務渡航） 株式会社エヌオーイー 海外渡航支援・イベント支援 全世界 海外渡航に関する航空券・ビザ手配 詳細を見る,https://www.jetro.go.jp/theme/export/js-links/2026/253.html,L1,海外展開
国|JETRO,販促物の海外調達や施工の最適化で海外での品質とコストを両立 アルタヴィア・ジャパン株式会社 動画・写真 その他 包装・容器・ラベル表示 マーケティング支援 展示会出展支援 全世界 海外工場での調達管理により品質とコストを最適化します 詳細を見る,https://www.jetro.go.jp/theme/export/js-links/2026/252.html,L1,海外展開/展示会・出展
国|JETRO,国際一貫輸送輸出入業務の代行（受発注含む）物流コンサルティング（最適化支援） 株式会社近鉄エクスプレス販売 商社 国際物流 決済 その他 包装・容器・ラベル表示 全世界 国際輸送・貿易代行と物流最適化支援 詳細を見る,https://www.jetro.go.jp/theme/export/js-links/2026/245.html,L1,海外展開
国|JETRO,海外拠点管理に最適なグローバルクラウドERP「multibook」国内外の経理業務代行サービス「マルチブックアウトソーシング」 株式会社マルチブック 会計・税務 現地法人設立支援・運営支援 全世界 タイ フィリピン 海外拠点の経理業務でお悩み全て、マルチブックがスピード解決。 詳細を見る,https://www.jetro.go.jp/theme/export/js-links/2025/222.html,L1,海外展開
国|JETRO,会社設立、税務支援、監査、M&A支援、国際業務、B2Bマッチング、技術提携 Bilimoria Mehta & Co. 会計・税務 信用調査・市場調査・戦略策定 海外渡航支援・イベント支援 BtoBマッチング支援 現地法人設立支援・運営支援 展示会出展支援 インド 会社設立、税務支援、監査、M&A、技術提携、B2B支援 詳細を見る,https://www.jetro.go.jp/theme/export/js-links/2025/215.html,L1,海外展開/展示会・出展
国|JETRO,国際見本市出展総合サポート業務/海外進出相談・アドバイス業務 泰光住建株式会社 国際物流 動画・写真 マーケティング支援 展示会出展支援 フランス アラブ首長国連邦 国際見本市出展総合サポート業務・海外進出相談/アドバイス業務 詳細を見る,https://www.jetro.go.jp/theme/export/js-links/2025/200.html,L1,海外展開/展示会・出展
国|JETRO,海外配送の手間とコストを大幅削減/無料で輸出可否を判断/海外への輸出業務を丸ごとお任せ 株式会社ホクビ 国際物流 全世界 海外への輸出業務をまるごとお任せ 詳細を見る,https://www.jetro.go.jp/theme/export/js-links/66.html,L1,海外展開
国|JETRO,国際物流一貫運輸サービス ブルーオーシャンスター株式会社 国際物流 全世界 輸出入通関申告、日本国内運送、フォワーダー業務 詳細を見る,https://www.jetro.go.jp/theme/export/js-links/0032.html,L1,海外展開
国|JETRO,海外進出支援・ビジネスマッチング MY Ho'okipa合同会社 BtoBマッチング支援 その他欧州・CIS 現地のバイヤー紹介または営業代行及び付随業務管理 詳細を見る,https://www.jetro.go.jp/theme/export/js-links/0021.html,L1,海外展開
国|JETRO,[出展募集] 2026年広州モーターショー・自動車部品展ジャパン・パビリオン,https://www.jetro.go.jp/events/pcg/903cdd1d3abc47a1.html,L2,展示会・出展
国|JETRO,[出展募集] 2026年度 マレーシア・ハラール市場バイヤーマッチング事業,https://www.jetro.go.jp/events/dne/12775fc3bb6c4d6d.html,L2,展示会・出展
国|JETRO,[出展募集] 【JAPAN MALL事業】中国消費者向け販促・PRイベントにおける「KOL・KOCアフィリエイト」、「共同購入アプリ（快団団）」活用事業,https://www.jetro.go.jp/events/dnb/771b08b47ffe7841.html,L2,展示会・出展/プロモーション
国|JETRO,[出展募集] 2027年2月展 ミラノ・ウニカ／ ジャパン・パビリオン（The Japan Observatory at Milano Unica 2028S/S）,https://www.jetro.go.jp/events/odc/f2677490dd225af5.html,L2,展示会・出展
国|JETRO,[参加者募集] 【茨城県内企業限定】マレーシア小売向け食品バイヤー招へい商談会 in 茨城,https://www.jetro.go.jp/events/ibr/98cbf2249cfa1896.html,L2,展示会・出展
国|JETRO,[参加者募集] 【オンライン商談会】【国内商社募集】国内輸出商社との食品輸出商談会2026（栃木）,https://www.jetro.go.jp/events/tcg/486ac0728c7155af.html,L2,海外展開/展示会・出展
国|JETRO,[参加者募集] （滋賀・奈良・和歌山）日本産酒類・酒器の東欧バイヤー招へい 商談会（地域産業輸出実現チャレンジプロジェクト）,https://www.jetro.go.jp/events/wak/ffdef974a2f4a8c4.html,L2,海外展開/展示会・出展
国|JETRO,[参加者募集] （茨城県内企業限定）【事業者募集】国内輸出商社商談会 in茨城（食品）,https://www.jetro.go.jp/events/ibr/7e571d87acbdbd39.html,L2,海外展開/展示会・出展
国|JETRO,[出展募集] 2026年度 ―伴走型商談支援プログラム― 玩具・ホビー関連製品×ドイツ,https://www.jetro.go.jp/events/odb/f46012a821621c51.html,L2,展示会・出展
国|JETRO,[出展募集] 「JAPAN MALL事業」連携事業 中国消費者向け販促・PRイベントにおける「共同購入アプリ(Sake at 快団団)」活用事業,https://www.jetro.go.jp/events/dnb/022213605715a37a.html,L2,展示会・出展/プロモーション
国|JETRO,[出展募集] ベルギー・ブリュッセル「European Hydrogen Week 2026」ジャパン・パビリオン,https://www.jetro.go.jp/events/sce/62526241b5c2e0bd.html,L2,展示会・出展
国|JETRO,[参加者募集] 三重県産日本食等輸出拡大支援事業 海外バイヤー招へい商談会 in三重,https://www.jetro.go.jp/events/mie/59115828d5eb8081.html,L2,海外展開/展示会・出展/工芸・地域産品
国|JETRO,[出展募集] ラオス市場開拓現地商談会,https://www.jetro.go.jp/events/odd/b67ab1694d6bb66e.html,L2,展示会・出展
国|JETRO,[参加者募集] 三重県産酒類輸出拡大支援事業 海外バイヤー招へい商談会 in三重,https://www.jetro.go.jp/events/mie/3896dbb3d743d701.html,L2,海外展開/展示会・出展/工芸・地域産品
国|JETRO,【海外ビジネス人材育成講座】初心者のためのASEANから始める越境ECセミナー ―市場選定・販路選び・成功への第一歩―,https://www.jetro.go.jp/events/kgw/5d13b266badb02b8.html,L2,海外展開
国|JETRO,[出展募集] ReBuild Ukraine ジェトロ・ジャパンパビリオン,https://www.jetro.go.jp/events/oda/ecbe089b2fea81d2.html,L2,展示会・出展
国|JETRO,[参加者募集] 【Central Japanグローバル起業家育成支援】学生向けインドT-HUB イマーシブ プログラム,https://www.jetro.go.jp/events/hmm/7f905e249d0f0bd5.html,L2,海外展開
国|JETRO,[参加者募集] 【島根県企業限定】タイ向け加工食品輸出商談会,https://www.jetro.go.jp/events/mat/d348c57d3e85968f.html,L2,海外展開/展示会・出展
国|JETRO,[参加者募集] 【商社募集】国内輸出商社商談会 in 茨城（食品）,https://www.jetro.go.jp/events/ibr/16d0439fe82ca1c9.html,L2,海外展開/展示会・出展
国|JETRO,[出展募集] 米国・ボストン「Seafood Expo North America 2027」ジャパンパビリオン,https://www.jetro.go.jp/events/afb/9db9eff0f155b45b.html,L2,展示会・出展
国|JETRO,[参加者募集] 【福島県企業限定】県産品の輸出を応援！国内商社との食品輸出商談会,https://www.jetro.go.jp/events/fma/f83c86259ccd61e2.html,L2,海外展開/展示会・出展/工芸・地域産品
国|JETRO,[参加者募集] 【事業者募集】令和8年度 国内輸出商社商談会 in青森,https://www.jetro.go.jp/events/aom/97775a4e5d07437a.html,L2,海外展開/展示会・出展
国|JETRO,[出展募集] 2026年度カンボジアSNSマーケティングプロジェクト（食品分野）（ASEAN越境EC販路開拓事業）,https://www.jetro.go.jp/events/dne/b83de5a9091b5aa5.html,L2,海外展開/展示会・出展
国|JETRO,[出展募集] 第21回中国（大連）国際高齢者産業博覧会,https://www.jetro.go.jp/events/pcd/4ee60482da78e798.html,L2,海外展開/展示会・出展
国|JETRO,[参加者募集] 【ジェトロ主催】第1回 関西スタートアップコミュニティ勉強会「ゼロから始める海外展開ターゲット」,https://www.jetro.go.jp/events/osd/bcaae114a6cd79ea.html,L2,海外展開
国|JETRO,"[出展募集] 「Hong Kong International Diamond, Gem & Pearl Show2027」ジャパンパールパビリオンにおける商談支援",https://www.jetro.go.jp/events/afg/56a3000b0a4d2f1c.html,L2,展示会・出展
国|JETRO,[参加者募集] マレーシア・クアラルンプール「47都道府県フェア」テストマーケティング（九州地域、関西地域）,https://www.jetro.go.jp/events/mak/0ae92aa8683790c6.html,L2,展示会・出展
国|JETRO,[参加者募集] 2026年度 ジェトロ食品輸出商談会（東京）,https://www.jetro.go.jp/events/afb/eba952f28484c7d5.html,L2,海外展開/展示会・出展
国|JETRO,[参加者募集] 【ジェトロ埼玉×武蔵野銀行】国内商社食品輸出商談会 in埼玉（サプライヤー募集）,https://www.jetro.go.jp/events/stm/d5a6341f46945dfe.html,L2,海外展開/展示会・出展
国|JETRO,[出展募集] マレーシア・クアラルンプール「Malaysia International Halal Showcase (MIHAS) 2026」ジャパンパビリオン,https://www.jetro.go.jp/events/mak/e57916987bbbdd79.html,L2,展示会・出展
国|JETRO,[参加者募集] ジェトロ食品輸出商談会 in広島,https://www.jetro.go.jp/events/hir/e3609563c00fa378.html,L2,海外展開/展示会・出展
国|JETRO,[参加者募集] 静岡県産食品・飲料のインバウンド向けテストマーケティング・販路獲得事業 in富士山静岡空港,https://www.jetro.go.jp/events/hmm/105c2e97937e7ebe.html,L2,海外展開/工芸・地域産品
国|JETRO,[参加者募集] 焼酎現地商談会 inサンディエゴ,https://www.jetro.go.jp/events/oit/faec8bf812884421.html,L2,展示会・出展
国|JETRO,[出展募集] 「Cosmoprof Asia 2026」ジェトロ ジャパン・パビリオン,https://www.jetro.go.jp/events/odc/6445b80b3d76078d.html,L2,展示会・出展
国|JETRO,[出展募集] BIO-Europe 2026,https://www.jetro.go.jp/events/odc/98b5dc2c8ebf0e64.html,L2,展示会・出展
国|JETRO,[出展募集] 「ラゴス国際見本市2026」ジャパン・パビリオン,https://www.jetro.go.jp/events/odd/3d33106df12ba0c3.html,L2,海外展開/展示会・出展
国|JETRO,[参加者募集] 2026年度 北陸三県 食品バイヤー招へい商談会,https://www.jetro.go.jp/events/toy/3af1cbaf4770079a.html,L2,展示会・出展
国|JETRO,[参加者募集] 国内商社商談会（非食品）関西,https://www.jetro.go.jp/events/osa/f595b7b397ef3247.html,L2,展示会・出展
国|JETRO,[出展募集] ドイツ・ニュルンベルク「BIOFACH 2027」ジャパンパビリオン,https://www.jetro.go.jp/events/afb/19956925f42fbb24.html,L2,展示会・出展
国|JETRO,[参加者募集] 【事業者募集】輸出商社招へい商談会2026（非食品分野）,https://www.jetro.go.jp/events/nag/aa6f72dd20e04a7e.html,L2,海外展開/展示会・出展
国|JETRO,[参加者募集] Craftsmanship 中国地域産品の海外販路開拓支援プログラム （ライフスタイル用品）,https://www.jetro.go.jp/events/ttr/69773edfc5b26c6f.html,L2,海外展開/工芸・地域産品
国|JETRO,[出展募集] 第9回 中国国際輸入博覧会（CIIE）JAPAN MALLブース,https://www.jetro.go.jp/events/dnb/4b840cdcee788781.html,L2,海外展開/展示会・出展
国|JETRO,[出展募集] 【出展募集（追加募集）】2026年度 ジェトロ グローバルキャラバン事業,https://www.jetro.go.jp/events/odc/d5a994055bf3b6c3.html,L2,海外展開/展示会・出展
国|JETRO,[参加者募集] 【東京（多摩・島嶼部）・埼玉・茨城・群馬・栃木】インバウンドマーケティング and マーケットイン型開発輸出実証事業,https://www.jetro.go.jp/events/tcg/c97893c371de7815.html,L2,海外展開
国|JETRO,[参加者募集] TOHOKU CRAFT JOURNEY ―北欧・欧州デザイン市場から学ぶ 海外マーケティング支援プログラム（クラフト製品）―,https://www.jetro.go.jp/events/mor/5658d57a8141544c.html,L2,海外展開
国|JETRO,[出展募集] MEDICA2026「千葉県ブース」,https://www.jetro.go.jp/events/chb/ccaf78052001ba45.html,L2,展示会・出展
国|JETRO,[出展募集] 日本産農林水産物・食品輸出商談会 inポーランド,https://www.jetro.go.jp/events/afg/7ce772695a12dbed.html,L2,海外展開/展示会・出展
国|JETRO,[出展募集] ドイツ・ハンブルク「Hydrogen Technology World Expo 2026」ジャパンパビリオン,https://www.jetro.go.jp/events/sce/7bb2b90157068ad3.html,L2,展示会・出展
国|JETRO,[出展募集] 【2026年度JAPAN MALL事業連携事業】「シンガポール消費者向け販促・PRイベント」出品者募集,https://www.jetro.go.jp/events/dnb/0b7eba21f0a2c796.html,L2,展示会・出展/プロモーション
国|JETRO,[出展募集] 【商社募集】輸出商社招へい商談会2026（非食品分野）,https://www.jetro.go.jp/events/nag/167b45c4ca073b25.html,L2,海外展開/展示会・出展
国|JETRO,[出展募集] 「メゾン・エ・オブジェ・パリ 2027年1月展」ジャパン・ブース,https://www.jetro.go.jp/events/odc/5345a37fa4383deb.html,L2,展示会・出展
国|JETRO,[参加者募集] ジェトロ食品輸出商談会 with アグリフードEXPO東京/ジャパン・インターナショナル・シーフードショー,https://www.jetro.go.jp/events/afb/a04f25ffe6457cf4.html,L2,海外展開/展示会・出展
国|JETRO,[出展募集] 【播磨圏域企業限定】14th沖縄大交易会2026 商談会出展支援事業,https://www.jetro.go.jp/events/kob/f11784e3d9c2abf3.html,L2,展示会・出展
国|JETRO,[出展募集] 米国・アナハイム「Natural Products Expo West 2027」ジャパンパビリオン,https://www.jetro.go.jp/events/afb/a991abf91b465484.html,L2,展示会・出展
国|JETRO,[出展募集] 【静岡県事業者向け】「Vision（シュトゥットゥガルト）」出展支援事業,https://www.jetro.go.jp/events/hmm/e552c9dd788d5c18.html,L2,展示会・出展
国|JETRO,2026年度 道産食品「輸出塾」塾生募集,https://www.jetro.go.jp/events/sap/ceaaf473b3717ed8.html,L2,海外展開
国|JETRO,[出展募集] 【オンライン併催】沖縄大交易会2026,https://www.jetro.go.jp/events/yac/8f4e276ec985a75d.html,L2,展示会・出展
国|JETRO,[出展募集] MEDICA 2026 ジェトロ出品支援,https://www.jetro.go.jp/events/odc/ff058896a19abdeb.html,L2,展示会・出展
国|JETRO,[出展募集] 【メキシコ】グアナファト・自動車サプライチェーンフォーラム（Foro de Proveeduría Automotoriz Guanajuato(FPA) 2026）ジャパン・パビリオン,https://www.jetro.go.jp/events/odd/a75626277e2ba3c2.html,L2,展示会・出展
国|JETRO,[出展募集] 【2026年度JAPAN MALL事業連携事業】「中国消費者向け販促・PRイベント」出品者募集,https://www.jetro.go.jp/events/dnb/29d302b9414f54f5.html,L2,展示会・出展/プロモーション
国|JETRO,[出展募集] ウズベキスタンIT見本市 ICT Week Uzbekistan 2026 ジャパン・パビリオン,https://www.jetro.go.jp/events/odd/775eec7337222306.html,L2,展示会・出展
国|JETRO,[出展募集] 2026年度Steam日本特集ページ：MADE IN JAPAN COLLECTION,https://www.jetro.go.jp/events/dnf/12974d16cfc078b7.html,L2,展示会・出展
国|JETRO,[出展募集] フランス・パリ「SIAL Paris 2026」ジャパンパビリオン,https://www.jetro.go.jp/events/afb/13562b2013e89d69.html,L2,展示会・出展
国|JETRO,[出展募集] MSV 2026 ジャパン・パビリオン,https://www.jetro.go.jp/events/odc/ba770f657784586d.html,L2,展示会・出展
国|JETRO,[出展募集] 2026年度米国マーケットエントリー支援プログラム ―ライフスタイル商品―,https://www.jetro.go.jp/events/nya/2210c09f8552d38f.html,L2,展示会・出展
国|JETRO,[出展募集] 2026年度 伴走型商談支援プログラム ギフト関連商品×米国,https://www.jetro.go.jp/events/odb/37b094c8e664abe6.html,L2,展示会・出展
国|JETRO,[出展募集] electronica 2026 ジャパン・パビリオン,https://www.jetro.go.jp/events/odc/efe689a750a9b9e8.html,L2,展示会・出展
国|JETRO,[出展募集] IMTS 2026 ジャパン・パビリオンおよび商談支援講座,https://www.jetro.go.jp/events/odc/9c3d6d0165a10ac2.html,L2,展示会・出展
国|JETRO,[出展募集] electronica India 2026 ジャパン・パビリオン,https://www.jetro.go.jp/events/odc/6e8af41ebf4382a0.html,L2,展示会・出展
国|JETRO,[参加者募集] 2026年度ものづくり企業向けプラットフォーム「VirtualExpo」でのグローバルマーケティング支援 ―世界のバイヤーにアプローチ！―,https://www.jetro.go.jp/events/dne/9f66423762777aa5.html,L2,海外展開/工芸・地域産品
国|JETRO,[出展募集] [参加者募集]【マーケットイン型海外コーディネーター事業】（食品分野）ブローカーを活用した米国現地系商流参入支援,https://www.jetro.go.jp/events/aff/2d54511f9f9279e7.html,L2,海外展開/展示会・出展
国|JETRO,[出展募集] フランス・リヨン「Sirha 2027」ジャパンパビリオン,https://www.jetro.go.jp/events/afb/5a75cfe533ccd430.html,L2,展示会・出展
国|中小機構,令和6年能登半島地震による災害に関する被災中小企業・小規模事業者対策に係る仮設施設整備支援事業（被災自治体向け）の募集開始について（仮設宿泊施設の要件を追加しました。）,https://www.smrj.go.jp/reconstruction/news/2023/icuoev0000002j7o.html,L2,観光・誘客
国|国際交流基金,国際交流基金 日本語試験センター 企画調整チームにおける嘱託募集について,https://www.jpf.go.jp/j/about/recruit/jlpt_260903.html,L1,海外展開
国|国際交流基金,国際交流基金 海外運営専門員募集（文化のWA2.0 ベトナム日本文化交流センター）,https://www.jpf.go.jp/j/about/recruit/gk_260916.html,L1,海外展開/文化・芸術
国|国際交流基金,国際交流基金 日本語試験センター 日本語能力試験研究員募集について,https://www.jpf.go.jp/j/about/recruit/jlpt_261019.html,L1,海外展開
国|国際交流基金,国際交流基金 日本語試験センター 日本語能力試験客員研究員募集について,https://www.jpf.go.jp/j/about/recruit/jlpt_261030.html,L1,海外展開
国|国際交流基金,意見招請結果：国際交流基金関西国際センターIT・電子機器サポート業務（ヘルプデスク業務）【PDF:828KB】,https://www.jpf.go.jp/j/about/bid/result_invitation/dl/re_invitation_251210.pdf,L2,海外展開
国|JNTO,出展・参加者募集,https://www.jnto.go.jp/news/expo-seminar/,L1,展示会・出展
国|VIPO,2026.08.24 募集情報 【参加者募集】＜東京都主催/参加無料＞「コンテンツ活用促進セミナー＆マッチング交流会」開催,https://www.vipo.or.jp/news/66673/,L1,文化・芸術
国|VIPO,2026.08.04 募集情報 【長編映画企画募集】10月開催 釜山国際映画祭「Asian Contents ＆ Film Market（ACFM）2026」,https://www.vipo.or.jp/news/66308/,L1,海外展開/文化・芸術
国|VIPO,2026.07.31 募集情報 【参加プロデューサー募集】10/10-13 開催 釜山国際映画祭併設見本市ACFM「Producer Hub（プロデューサー・ハブ）」,https://www.vipo.or.jp/news/66227/,L1,海外展開/展示会・出展/文化・芸術
国|VIPO,・令和7年度文化庁「国際文化交流・協力推進事業」（TICAD9関連イベントに係る調査及び企画運営実施業務）,https://www.vipo.or.jp/project/africa/,L1,海外展開/文化・芸術
国|VIPO,2026.07.28 募集情報 【参加募集】8/24開催 ロケ撮影の課題を解決する一日集中講座 Film Nexus - PRO リスキリングプログラム,https://www.vipo.or.jp/news/66163/,L2,プロモーション
国|日本商工会議所,（STEP2〜6）海外展開ハンズオン支援事業／中小企業基盤整備機構 海外展開（輸出、販売・製造拠点設立、業務提携等）を希望する中小企業を対象に、海外における事業運営の経験や輸出入業務の実務知識、海外企業との業務提携のノウハウ等を有数海外ビジネスの専門家が海外展開事業の検討～海外進出、進出後の事業拡大に至るまで実務的なアドバイス支援を実施しています。,https://www.smrj.go.jp/sme/overseas/consulting/advice/index.html,L2,海外展開
国|日本商工会議所,海外ミニ調査サービス／日本貿易振興機構（JETRO） 輸出入や代理店、製造委託等のパートナー候補となりうる現地企業のリストアップ、現地法令等検索、公的機関等が公表している輸出入や生産統計をはじめとする統計資料検索、現地のスーパーマーケットなどの量販店や有力なネットストア、ネットショップでの販売価格調査を実施しています。,https://www.jetro.go.jp/services/quick_info/,L2,海外展開
国|日本商工会議所,（STEP3〜4）国際ビジネスマッチングサイト（e-Venue）／日本貿易振興機構（JETRO） e-Venueは世界100カ国以上のビジネスパーソンとオンラインで交流できる国際ビジネスマッチングサイトです。国内外の輸出入、業務連携、業務支援サービスなど、様々なタイプのビジネス案件を発信しています。,https://e-venue.jetro.go.jp/bizportal/s/?language=ja,L2,海外展開
国|日本商工会議所,中小企業の国際業務支援事業／日本弁護士連合会 中小企業が海外企業・団体等との契約書のチェック等で法的知見を必要とする場合やトラブルが発生した場合に、国際業務の経験豊かな弁護士を紹介しています。,https://www.nichibenren.or.jp/activity/resolution/support.html,L2,海外展開
国|日本商工会議所,海外進出支援／商工組合中央金庫 中小企業の海外現地法人の事業開始または拡大に必要な資金の融資、輸出入に係る貿易決済等をサポートしています。親子ローン/現地法人貸付/スタンドバイ・クレジット/外国為替業務,https://www.shokochukin.co.jp/corporation/service/solution/overseas/,L2,海外展開
国|日本商工会議所,海外投資関係保証制度／全国信用保証協会連合会 中小企業が金融機関から海外子会社への出資および貸付等の資金の融資を受けようとする場合に「海外投資関係保証」を実施しています。また、海外に現地法人を持ち、現地の金融機関から融資を受ける際に、信用力が低いために資金が調達できないような場合に「特定信用状関連保証制度」を用意しています。,https://www.zenshinhoren.or.jp/model-case/kaigaitenkai/,L2,海外展開
国|東京商工会議所,入札・補助金情報発信サービス「bJAMP」,https://www.tokyo-cci.or.jp/bjamp/,L1,プロモーション
国|東京商工会議所,「ビジネスチャンスEXPO in TOKYO」を開催、出展者の募集を開始します,https://www.tokyo-cci.or.jp/page.jsp?id=1209627,L1,展示会・出展
国|東京商工会議所,【北支部】語学力ゼロから海外取引を加速！〜AIを右腕にする「国際業務・英語実務」のハンズオン型セミナーを開催します（8/19）,https://www.tokyo-cci.or.jp/page.jsp?id=1207366,L2,海外展開
国|東京商工会議所,新サービス「入札・補助金情報発信サービス『bJAMP』」の 会員特別割引を開始します,https://www.tokyo-cci.or.jp/page.jsp?id=1206795,L2,プロモーション
国|東京商工会議所,【杉並支部】杉並区内の“お土産品”を募集いたします！,https://www.tokyo-cci.or.jp/page.jsp?id=1206008,L2,工芸・地域産品
国|東京商工会議所,【豊島支部】第１８回「としまＭＯＮＯづくりメッセ」出展者を募集中です！,https://www.tokyo-cci.or.jp/page.jsp?id=1204527,L2,展示会・出展
国|東京商工会議所,「全国ものづくり受発注商談会＆技術連携マッチング（10/9開催）」発注企業の募集を開始,https://www.tokyo-cci.or.jp/page.jsp?id=1203267,L2,展示会・出展/工芸・地域産品
国|東京商工会議所,「第3回 東京ビジネスチャンスEXPO」を開催、出展者の募集を開始します,https://www.tokyo-cci.or.jp/page.jsp?id=1034342,L2,展示会・出展
国|東京商工会議所,2022年12月14～15日開催 展示会「東京ビジネスチャンスEXPO」都外出展者募集について（申込期限：10月24日）,https://www.tokyo-cci.or.jp/page.jsp?id=1031962,L2,展示会・出展
国|東京商工会議所,【板橋支部】SNS活用による“板橋×ものづくり”魅力向上プロジェクト 「いたばしスゴ技の祭典」出展募集のご案内,https://www.tokyo-cci.or.jp/page.jsp?id=1030137,L2,展示会・出展/工芸・地域産品/文化・芸術/プロモーション
国|東京商工会議所,東京ビジネスチャンスEXPO を開催！7/4～9/30 出展者を募集,https://www.tokyo-cci.or.jp/page.jsp?id=1029949,L2,展示会・出展
国|東京商工会議所,2022年1月26～27日開催 展示会「中小企業マーケットTOKYO2022」出展者募集について（申込期限：10月22日）,https://www.tokyo-cci.or.jp/page.jsp?id=1026186,L2,展示会・出展
国|東京商工会議所,【千代田区企業のエントリー募集】Ｂｅｙｏｎｄコロナ マッチング商談会（千代田ビジネスフェア）を開催します！,https://www.tokyo-cci.or.jp/page.jsp?id=1026138,L2,展示会・出展
国|東京商工会議所,『中小企業マーケットTOKYO2022』初開催！ 出展者を募集（募集期間 7/13～9/30）,https://www.tokyo-cci.or.jp/page.jsp?id=1025266,L2,展示会・出展
